s,age,PFT,relative_mean
Control,0,Non-tree V.,0
Control,0,Temperate broadleaf,0
Control,0,Conifers (other),0
Control,0,Pioneering broadleaf,0
Control,0,Needleleaf evergreen,0
Control,1,Non-tree V.,0
Control,1,Temperate broadleaf,0
Control,1,Conifers (other),0
Control,1,Pioneering broadleaf,0
Control,1,Needleleaf evergreen,0
Control,2,Non-tree V.,0.8871042255975183
Control,2,Temperate broadleaf,2.1292604941219475e-5
Control,2,Conifers (other),0.05540614180280846
Control,2,Pioneering broadleaf,0.03106986085841932
Control,2,Needleleaf evergreen,0.0033626553647440067
Control,3,Non-tree V.,0.8872871382048958
Control,3,Temperate broadleaf,1.4349836984331544e-4
Control,3,Conifers (other),0.05353297851287263
Control,3,Pioneering broadleaf,0.02879783801208084
Control,3,Needleleaf evergreen,0.007202723128738723
Control,4,Non-tree V.,0.8813571467857775
Control,4,Temperate broadleaf,2.9293472800736203e-4
Control,4,Conifers (other),0.05551855408071149
Control,4,Pioneering broadleaf,0.03004984045092921
Control,4,Needleleaf evergreen,0.009745700183005756
Control,5,Non-tree V.,0.8769831094698088
Control,5,Temperate broadleaf,3.3215034142758366e-4
Control,5,Conifers (other),0.05630084027891507
Control,5,Pioneering broadleaf,0.032323182390073986
Control,5,Needleleaf evergreen,0.01102489374820587
Control,6,Non-tree V.,0.8692284154340026
Control,6,Temperate broadleaf,3.6311112847350305e-4
Control,6,Conifers (other),0.059942797328397183
Control,6,Pioneering broadleaf,0.03510394499298121
Control,6,Needleleaf evergreen,0.012325907344576595
Control,7,Non-tree V.,0.8425460874324847
Control,7,Temperate broadleaf,6.29182522144303e-4
Control,7,Conifers (other),0.06321832258895621
Control,7,Pioneering broadleaf,0.03732543857928382
Control,7,Needleleaf evergreen,0.03324514510556225
Control,8,Non-tree V.,0.8287981667001022
Control,8,Temperate broadleaf,7.160441929772107e-4
Control,8,Conifers (other),0.06968593312455247
Control,8,Pioneering broadleaf,0.0403762673084121
Control,8,Needleleaf evergreen,0.037387764902387155
Control,9,Non-tree V.,0.8136834263602545
Control,9,Temperate broadleaf,8.255979815457585e-4
Control,9,Conifers (other),0.07670527866747505
Control,9,Pioneering broadleaf,0.04324266640737275
Control,9,Needleleaf evergreen,0.042507206811783195
Control,10,Non-tree V.,0.7978100064722049
Control,10,Temperate broadleaf,9.58484962336371e-4
Control,10,Conifers (other),0.0841713878296194
Control,10,Pioneering broadleaf,0.0458966506824393
Control,10,Needleleaf evergreen,0.04812764628183128
Control,11,Non-tree V.,0.780894268869504
Control,11,Temperate broadleaf,0.0011271372006124514
Control,11,Conifers (other),0.09195499571316469
Control,11,Pioneering broadleaf,0.04873907531128248
Control,11,Needleleaf evergreen,0.05424869913386785
Control,12,Non-tree V.,0.7556788837443659
Control,12,Temperate broadleaf,0.0013659668252591283
Control,12,Conifers (other),0.09810938994292145
Control,12,Pioneering broadleaf,0.05098117161750894
Control,12,Needleleaf evergreen,0.07082876409837605
Control,13,Non-tree V.,0.7358305345457832
Control,13,Temperate broadleaf,0.0015706864096831387
Control,13,Conifers (other),0.10614361568793797
Control,13,Pioneering broadleaf,0.05424159297163516
Control,13,Needleleaf evergreen,0.07917774661339194
Control,14,Non-tree V.,0.7152787571297116
Control,14,Temperate broadleaf,0.0018099344750503324
Control,14,Conifers (other),0.1142519104082236
Control,14,Pioneering broadleaf,0.057587780506542646
Control,14,Needleleaf evergreen,0.08803579370890313
Control,15,Non-tree V.,0.6942400788660512
Control,15,Temperate broadleaf,0.0020921900177497004
Control,15,Conifers (other),0.12234279582945871
Control,15,Pioneering broadleaf,0.061154399073213635
Control,15,Needleleaf evergreen,0.097134712441958
Control,16,Non-tree V.,0.6733283958025559
Control,16,Temperate broadleaf,0.0023703786034224845
Control,16,Conifers (other),0.13030568270041465
Control,16,Pioneering broadleaf,0.06468700438582647
Control,16,Needleleaf evergreen,0.10627271473621197
Control,17,Non-tree V.,0.6492430472013733
Control,17,Temperate broadleaf,0.00268779596288873
Control,17,Conifers (other),0.1359416529127366
Control,17,Pioneering broadleaf,0.06775871511095088
Control,17,Needleleaf evergreen,0.12133296504048215
Control,18,Non-tree V.,0.6294969439000538
Control,18,Temperate broadleaf,0.0030133549856479493
Control,18,Conifers (other),0.14261268785212744
Control,18,Pioneering broadleaf,0.07113650668658057
Control,18,Needleleaf evergreen,0.13070468280402153
Control,19,Non-tree V.,0.610476325752221
Control,19,Temperate broadleaf,0.0033324428218174528
Control,19,Conifers (other),0.14886690902915267
Control,19,Pioneering broadleaf,0.07443954583825017
Control,19,Needleleaf evergreen,0.13984895278699003
Control,20,Non-tree V.,0.5926125497913808
Control,20,Temperate broadleaf,0.00367044317496652
Control,20,Conifers (other),0.1544827037840964
Control,20,Pioneering broadleaf,0.0775827366595502
Control,20,Needleleaf evergreen,0.14861574281843737
Control,21,Non-tree V.,0.5756535613488345
Control,21,Temperate broadleaf,0.004002145716258499
Control,21,Conifers (other),0.15963880821170612
Control,21,Pioneering broadleaf,0.0805884153821312
Control,21,Needleleaf evergreen,0.15708124556950137
Control,22,Non-tree V.,0.5587625664463391
Control,22,Temperate broadleaf,0.004323838604430647
Control,22,Conifers (other),0.16259941692987656
Control,22,Pioneering broadleaf,0.0834110417078552
Control,22,Needleleaf evergreen,0.1678673125399296
Control,23,Non-tree V.,0.5430358175079197
Control,23,Temperate broadleaf,0.004646770616190574
Control,23,Conifers (other),0.16685052028281758
Control,23,Pioneering broadleaf,0.08645848598927115
Control,23,Needleleaf evergreen,0.17597258183223224
Control,24,Non-tree V.,0.5281616157059297
Control,24,Temperate broadleaf,0.004982550193950234
Control,24,Conifers (other),0.170835115320104
Control,24,Pioneering broadleaf,0.08940318895284476
Control,24,Needleleaf evergreen,0.18358170605560262
Control,25,Non-tree V.,0.5137612781471643
Control,25,Temperate broadleaf,0.005309895669926716
Control,25,Conifers (other),0.17447616557000495
Control,25,Pioneering broadleaf,0.0924838259742766
Control,25,Needleleaf evergreen,0.19093301086705963
Control,26,Non-tree V.,0.4997562280708115
Control,26,Temperate broadleaf,0.005630690505575257
Control,26,Conifers (other),0.17788729984474605
Control,26,Pioneering broadleaf,0.09556284314559631
Control,26,Needleleaf evergreen,0.19812711466170177
Control,27,Non-tree V.,0.4867981671604453
Control,27,Temperate broadleaf,0.005957633190823318
Control,27,Conifers (other),0.17964940965093143
Control,27,Pioneering broadleaf,0.09859824619811991
Control,27,Needleleaf evergreen,0.20596072002811047
Control,28,Non-tree V.,0.47350206188324895
Control,28,Temperate broadleaf,0.006261061751372201
Control,28,Conifers (other),0.18264845558785042
Control,28,Pioneering broadleaf,0.10181432318758928
Control,28,Needleleaf evergreen,0.21273827381837013
Control,29,Non-tree V.,0.4608250414562113
Control,29,Temperate broadleaf,0.006577940742417151
Control,29,Conifers (other),0.18538108023667327
Control,29,Pioneering broadleaf,0.10511828216355616
Control,29,Needleleaf evergreen,0.2190618316295734
Control,30,Non-tree V.,0.44854395788621637
Control,30,Temperate broadleaf,0.006797878884847758
Control,30,Conifers (other),0.18800721334871026
Control,30,Pioneering broadleaf,0.10844732905650976
Control,30,Needleleaf evergreen,0.22516779705214676
Control,31,Non-tree V.,0.43663531166237146
Control,31,Temperate broadleaf,0.007111046996672587
Control,31,Conifers (other),0.19043881231449988
Control,31,Pioneering broadleaf,0.11184142369594781
Control,31,Needleleaf evergreen,0.23093758155893904
Control,32,Non-tree V.,0.4254685700981943
Control,32,Temperate broadleaf,0.007348380463076335
Control,32,Conifers (other),0.19182870583593556
Control,32,Pioneering broadleaf,0.11519417068053782
Control,32,Needleleaf evergreen,0.2371243491506868
Control,33,Non-tree V.,0.4139824181855596
Control,33,Temperate broadleaf,0.00758293389120022
Control,33,Conifers (other),0.19399690272890138
Control,33,Pioneering broadleaf,0.11861085752001511
Control,33,Needleleaf evergreen,0.24279106390275487
Control,34,Non-tree V.,0.40277717942415653
Control,34,Temperate broadleaf,0.007837732269259648
Control,34,Conifers (other),0.1960040473720975
Control,34,Pioneering broadleaf,0.12213187570990482
Control,34,Needleleaf evergreen,0.24821334145301396
Control,35,Non-tree V.,0.3916468420168236
Control,35,Temperate broadleaf,0.007880044415680038
Control,35,Conifers (other),0.1981435663859664
Control,35,Pioneering broadleaf,0.1258044913624416
Control,35,Needleleaf evergreen,0.25348923204752033
Control,36,Non-tree V.,0.3806119386349032
Control,36,Temperate broadleaf,0.008110102845038419
Control,36,Conifers (other),0.20018392545362726
Control,36,Pioneering broadleaf,0.12943125852682247
Control,36,Needleleaf evergreen,0.25862695076804104
Control,37,Non-tree V.,0.37086399739751674
Control,37,Temperate broadleaf,0.008258279915461372
Control,37,Conifers (other),0.20130121513189014
Control,37,Pioneering broadleaf,0.13310252436862602
Control,37,Needleleaf evergreen,0.2634381594149373
Control,38,Non-tree V.,0.3603649347607681
Control,38,Temperate broadleaf,0.00836309733457045
Control,38,Conifers (other),0.20315284611841508
Control,38,Pioneering broadleaf,0.13683869788896436
Control,38,Needleleaf evergreen,0.26824460012571366
Control,39,Non-tree V.,0.35019153661022523
Control,39,Temperate broadleaf,0.008496821501853396
Control,39,Conifers (other),0.20489419283102492
Control,39,Pioneering broadleaf,0.14052627117565675
Control,39,Needleleaf evergreen,0.27285535410967204
Control,40,Non-tree V.,0.340360006853801
Control,40,Temperate broadleaf,0.008575172831223355
Control,40,Conifers (other),0.20658524178412202
Control,40,Pioneering broadleaf,0.1441733458234262
Control,40,Needleleaf evergreen,0.2772704089358603
Control,41,Non-tree V.,0.33075067715962087
Control,41,Temperate broadleaf,0.008738532528484385
Control,41,Conifers (other),0.2082629690006244
Control,41,Pioneering broadleaf,0.14778034561747164
Control,41,Needleleaf evergreen,0.2814316519222317
Control,42,Non-tree V.,0.32208378476661675
Control,42,Temperate broadleaf,0.00885506112234346
Control,42,Conifers (other),0.20920981627520038
Control,42,Pioneering broadleaf,0.15131123353581757
Control,42,Needleleaf evergreen,0.28550428052845395
Control,43,Non-tree V.,0.3127729238041847
Control,43,Temperate broadleaf,0.00901977449392132
Control,43,Conifers (other),0.21082994587656112
Control,43,Pioneering broadleaf,0.15478657235318194
Control,43,Needleleaf evergreen,0.28955495970058204
Control,44,Non-tree V.,0.30360673591573606
Control,44,Temperate broadleaf,0.009131580334486274
Control,44,Conifers (other),0.21244303562886133
Control,44,Pioneering broadleaf,0.158340363990385
Control,44,Needleleaf evergreen,0.29344246035896254
Control,45,Non-tree V.,0.29477728522662433
Control,45,Temperate broadleaf,0.009277863091902911
Control,45,Conifers (other),0.21387164847105303
Control,45,Pioneering broadleaf,0.16181909955248067
Control,45,Needleleaf evergreen,0.29721827988637134
Control,46,Non-tree V.,0.2858948083466331
Control,46,Temperate broadleaf,0.009383998127265345
Control,46,Conifers (other),0.21539969422823346
Control,46,Pioneering broadleaf,0.16524134568120974
Control,46,Needleleaf evergreen,0.3010443298450891
Control,47,Non-tree V.,0.27805492844825896
Control,47,Temperate broadleaf,0.009486972530846117
Control,47,Conifers (other),0.21599906325292145
Control,47,Pioneering broadleaf,0.16876374047342127
Control,47,Needleleaf evergreen,0.3046594715229838
Control,48,Non-tree V.,0.2693489080534133
Control,48,Temperate broadleaf,0.009585222089084522
Control,48,Conifers (other),0.21746340623408145
Control,48,Pioneering broadleaf,0.17217504214811874
Control,48,Needleleaf evergreen,0.3083915977037323
Control,49,Non-tree V.,0.26082926335978274
Control,49,Temperate broadleaf,0.00965856672886157
Control,49,Conifers (other),0.21886469122191515
Control,49,Pioneering broadleaf,0.17558070490511765
Control,49,Needleleaf evergreen,0.31203095001275416
Control,50,Non-tree V.,0.25256293133850455
Control,50,Temperate broadleaf,0.00973774163562317
Control,50,Conifers (other),0.220142210782116
Control,50,Pioneering broadleaf,0.17892201296352747
Control,50,Needleleaf evergreen,0.315599279508659
Control,51,Non-tree V.,0.24446960903740225
Control,51,Temperate broadleaf,0.009812021851775765
Control,51,Conifers (other),0.22139502990672624
Control,51,Pioneering broadleaf,0.18222278362000732
Control,51,Needleleaf evergreen,0.3190647318125185
Control,52,Non-tree V.,0.23727104970411214
Control,52,Temperate broadleaf,0.009785324072413688
Control,52,Conifers (other),0.2220276808203317
Control,52,Pioneering broadleaf,0.18557756372506826
Control,52,Needleleaf evergreen,0.3223025579065035
Control,53,Non-tree V.,0.22930485680138324
Control,53,Temperate broadleaf,0.009928045519807112
Control,53,Conifers (other),0.2232505055391862
Control,53,Pioneering broadleaf,0.18874110089251925
Control,53,Needleleaf evergreen,0.3257396674755363
Control,54,Non-tree V.,0.22155236800973102
Control,54,Temperate broadleaf,0.009871566179977533
Control,54,Conifers (other),0.22422925129074392
Control,54,Pioneering broadleaf,0.19207758938428598
Control,54,Needleleaf evergreen,0.3292334013636934
Control,55,Non-tree V.,0.21404999006624364
Control,55,Temperate broadleaf,0.009841259595673042
Control,55,Conifers (other),0.22513645539822372
Control,55,Pioneering broadleaf,0.19538366547737226
Control,55,Needleleaf evergreen,0.3325528056909168
Control,56,Non-tree V.,0.2067670007153848
Control,56,Temperate broadleaf,0.00989756898333693
Control,56,Conifers (other),0.22593763808349823
Control,56,Pioneering broadleaf,0.19851940255513348
Control,56,Needleleaf evergreen,0.3358425658910782
Control,57,Non-tree V.,0.20012543240653843
Control,57,Temperate broadleaf,0.009983683658109845
Control,57,Conifers (other),0.22635832059141564
Control,57,Pioneering broadleaf,0.20152721021480474
Control,57,Needleleaf evergreen,0.3389695293575615
Control,58,Non-tree V.,0.19267231383410316
Control,58,Temperate broadleaf,0.010032178597128169
Control,58,Conifers (other),0.22728399343693584
Control,58,Pioneering broadleaf,0.20464554841365662
Control,58,Needleleaf evergreen,0.34233014194660644
Control,59,Non-tree V.,0.18536574807511402
Control,59,Temperate broadleaf,0.010148329694134045
Control,59,Conifers (other),0.2282479321868646
Control,59,Pioneering broadleaf,0.20754482730407628
Control,59,Needleleaf evergreen,0.34565733896824424
Control,60,Non-tree V.,0.17849625632928254
Control,60,Temperate broadleaf,0.01027596422077804
Control,60,Conifers (other),0.22908747946248117
Control,60,Pioneering broadleaf,0.21035051499991145
Control,60,Needleleaf evergreen,0.34875396121597985
Control,61,Non-tree V.,0.17153790436326566
Control,61,Temperate broadleaf,0.010408577080309903
Control,61,Conifers (other),0.2299556388232525
Control,61,Pioneering broadleaf,0.2131522539364758
Control,61,Needleleaf evergreen,0.35190980202512806
Control,62,Non-tree V.,0.16564041624934367
Control,62,Temperate broadleaf,0.010525700945742109
Control,62,Conifers (other),0.2302655806359461
Control,62,Pioneering broadleaf,0.21589469863875915
Control,62,Needleleaf evergreen,0.35463777975864186
Control,63,Non-tree V.,0.15907091327103715
Control,63,Temperate broadleaf,0.010658712287049437
Control,63,Conifers (other),0.23098040418611498
Control,63,Pioneering broadleaf,0.21852282010488522
Control,63,Needleleaf evergreen,0.35773132637934285
Control,64,Non-tree V.,0.15286858923801133
Control,64,Temperate broadleaf,0.01079772955915379
Control,64,Conifers (other),0.23162720565302058
Control,64,Pioneering broadleaf,0.22107229407274948
Control,64,Needleleaf evergreen,0.3605983577054942
Control,65,Non-tree V.,0.14707170303965356
Control,65,Temperate broadleaf,0.010899625356918505
Control,65,Conifers (other),0.23222545616193976
Control,65,Pioneering broadleaf,0.2235312756533946
Control,65,Needleleaf evergreen,0.3632361160165248
Control,66,Non-tree V.,0.1415100769184983
Control,66,Temperate broadleaf,0.011019437079195081
Control,66,Conifers (other),0.23264299937451222
Control,66,Pioneering broadleaf,0.22594595789924565
Control,66,Needleleaf evergreen,0.36584570495698104
Control,67,Non-tree V.,0.13718493407142632
Control,67,Temperate broadleaf,0.011147496570362642
Control,67,Conifers (other),0.23246710431468415
Control,67,Pioneering broadleaf,0.22826182772295994
Control,67,Needleleaf evergreen,0.3679028135489968
Control,68,Non-tree V.,0.1319028344593311
Control,68,Temperate broadleaf,0.011257111779992704
Control,68,Conifers (other),0.23270844729846085
Control,68,Pioneering broadleaf,0.23063180978185274
Control,68,Needleleaf evergreen,0.37046397290879224
Control,69,Non-tree V.,0.12684545884026702
Control,69,Temperate broadleaf,0.011372039928317345
Control,69,Conifers (other),0.23301436023628216
Control,69,Pioneering broadleaf,0.2328478586896049
Control,69,Needleleaf evergreen,0.37288445853395985
Control,70,Non-tree V.,0.12205014567075138
Control,70,Temperate broadleaf,0.011501950252048997
Control,70,Conifers (other),0.23335233888601453
Control,70,Pioneering broadleaf,0.23491107538748035
Control,70,Needleleaf evergreen,0.3751486660321346
Control,71,Non-tree V.,0.117455342090284
Control,71,Temperate broadleaf,0.011620347970601266
Control,71,Conifers (other),0.23352884711377767
Control,71,Pioneering broadleaf,0.2369143820221132
Control,71,Needleleaf evergreen,0.3774452570316522
Control,72,Non-tree V.,0.11391573873427813
Control,72,Temperate broadleaf,0.011749336438259548
Control,72,Conifers (other),0.2334599368342732
Control,72,Pioneering broadleaf,0.23866650566341602
Control,72,Needleleaf evergreen,0.3791726585582038
Control,73,Non-tree V.,0.10992323668995245
Control,73,Temperate broadleaf,0.011872799877340455
Control,73,Conifers (other),0.23369289208070093
Control,73,Pioneering broadleaf,0.24036775564853083
Control,73,Needleleaf evergreen,0.3811074919319046
Control,74,Non-tree V.,0.1059016975494107
Control,74,Temperate broadleaf,0.011991168087730139
Control,74,Conifers (other),0.2338070019920363
Control,74,Pioneering broadleaf,0.2420218329408722
Control,74,Needleleaf evergreen,0.38324247565838443
Control,75,Non-tree V.,0.10227232315192551
Control,75,Temperate broadleaf,0.012118575348533193
Control,75,Conifers (other),0.23366106105503254
Control,75,Pioneering broadleaf,0.24376719748372344
Control,75,Needleleaf evergreen,0.38514501918921373
Control,76,Non-tree V.,0.09865129098699872
Control,76,Temperate broadleaf,0.012235017726551254
Control,76,Conifers (other),0.23364344733459777
Control,76,Pioneering broadleaf,0.24534495475294477
Control,76,Needleleaf evergreen,0.38708946542733674
Control,77,Non-tree V.,0.09606852133594503
Control,77,Temperate broadleaf,0.012346958332052217
Control,77,Conifers (other),0.2333181401110529
Control,77,Pioneering broadleaf,0.24663783670113712
Control,77,Needleleaf evergreen,0.38859271974824255
Control,78,Non-tree V.,0.09256248466500704
Control,78,Temperate broadleaf,0.012469952487000663
Control,78,Conifers (other),0.2334864710141237
Control,78,Pioneering broadleaf,0.2478763082501762
Control,78,Needleleaf evergreen,0.39056895981212464
Control,79,Non-tree V.,0.08969673631119407
Control,79,Temperate broadleaf,0.012607954789037017
Control,79,Conifers (other),0.23337284998781022
Control,79,Pioneering broadleaf,0.24922138348008957
Control,79,Needleleaf evergreen,0.39206525166029826
Control,80,Non-tree V.,0.08695015471289297
Control,80,Temperate broadleaf,0.012732797650941081
Control,80,Conifers (other),0.23318957681425517
Control,80,Pioneering broadleaf,0.2505158114619423
Control,80,Needleleaf evergreen,0.39357583558840054
Control,81,Non-tree V.,0.0843996235624407
Control,81,Temperate broadleaf,0.012856544483203036
Control,81,Conifers (other),0.23302443859986394
Control,81,Pioneering broadleaf,0.2517245681008517
Control,81,Needleleaf evergreen,0.39495900148207375
Control,82,Non-tree V.,0.08325152862802555
Control,82,Temperate broadleaf,0.012976343666456334
Control,82,Conifers (other),0.2325648376816165
Control,82,Pioneering broadleaf,0.25268371254663735
Control,82,Needleleaf evergreen,0.3954877537056956
Control,83,Non-tree V.,0.08109180397506273
Control,83,Temperate broadleaf,0.0131024800669157
Control,83,Conifers (other),0.23241663519791572
Control,83,Pioneering broadleaf,0.2535602783831787
Control,83,Needleleaf evergreen,0.3967929786053572
Control,84,Non-tree V.,0.07894460190691227
Control,84,Temperate broadleaf,0.013056100910280696
Control,84,Conifers (other),0.23222709554590237
Control,84,Pioneering broadleaf,0.25452435020344655
Control,84,Needleleaf evergreen,0.3982120276618904
Control,85,Non-tree V.,0.07722266067250558
Control,85,Temperate broadleaf,0.013061502845060146
Control,85,Conifers (other),0.2318467040874834
Control,85,Pioneering broadleaf,0.25545106446057364
Control,85,Needleleaf evergreen,0.39933844982103484
Control,86,Non-tree V.,0.0757101478801332
Control,86,Temperate broadleaf,0.013113369564460213
Control,86,Conifers (other),0.2314236360382282
Control,86,Pioneering broadleaf,0.25626936155062197
Control,86,Needleleaf evergreen,0.40040386685321955
Control,87,Non-tree V.,0.07514515891843708
Control,87,Temperate broadleaf,0.013071688300622513
Control,87,Conifers (other),0.23045713024521894
Control,87,Pioneering broadleaf,0.2571162705223692
Control,87,Needleleaf evergreen,0.40113013390001234
Control,88,Non-tree V.,0.07348228842644612
Control,88,Temperate broadleaf,0.013014881574202903
Control,88,Conifers (other),0.2301468734785715
Control,88,Pioneering broadleaf,0.25794191447598736
Control,88,Needleleaf evergreen,0.40233442393145186
Control,89,Non-tree V.,0.0718092286640908
Control,89,Temperate broadleaf,0.01295299431698161
Control,89,Conifers (other),0.22950919369564857
Control,89,Pioneering broadleaf,0.2587569806794046
Control,89,Needleleaf evergreen,0.4038919845305355
Control,90,Non-tree V.,0.07047746430010735
Control,90,Temperate broadleaf,0.01301513923872178
Control,90,Conifers (other),0.22888042941156772
Control,90,Pioneering broadleaf,0.25943748003358624
Control,90,Needleleaf evergreen,0.40506607456090804
Control,91,Non-tree V.,0.06908427737781282
Control,91,Temperate broadleaf,0.012987744949089181
Control,91,Conifers (other),0.22849673708263032
Control,91,Pioneering broadleaf,0.26000194514412767
Control,91,Needleleaf evergreen,0.4063058829912269
Control,92,Non-tree V.,0.06897490785379795
Control,92,Temperate broadleaf,0.012917333720577347
Control,92,Conifers (other),0.2278539773158397
Control,92,Pioneering broadleaf,0.26038322940764985
Control,92,Needleleaf evergreen,0.40674713924702793
Control,93,Non-tree V.,0.06782275790511895
Control,93,Temperate broadleaf,0.012694428766262983
Control,93,Conifers (other),0.22749195710577033
Control,93,Pioneering broadleaf,0.26112967447667274
Control,93,Needleleaf evergreen,0.4078253579746076
Control,94,Non-tree V.,0.06660255871352955
Control,94,Temperate broadleaf,0.012640392657014205
Control,94,Conifers (other),0.22732030334783784
Control,94,Pioneering broadleaf,0.2615844733794906
Control,94,Needleleaf evergreen,0.40881644813055795
Control,95,Non-tree V.,0.06544563889970052
Control,95,Temperate broadleaf,0.012522311079972754
Control,95,Conifers (other),0.22687039746143975
Control,95,Pioneering broadleaf,0.2620294050251974
Control,95,Needleleaf evergreen,0.41009642376211763
Control,96,Non-tree V.,0.06436545024901183
Control,96,Temperate broadleaf,0.012628215350437266
Control,96,Conifers (other),0.22643589051147053
Control,96,Pioneering broadleaf,0.2623270203644859
Control,96,Needleleaf evergreen,0.41120759975302495
Control,97,Non-tree V.,0.06439851827140407
Control,97,Temperate broadleaf,0.012293410766201726
Control,97,Conifers (other),0.2254714661544058
Control,97,Pioneering broadleaf,0.26277799853865097
Control,97,Needleleaf evergreen,0.41193519381423077
Control,98,Non-tree V.,0.06355510803613358
Control,98,Temperate broadleaf,0.012042242681965746
Control,98,Conifers (other),0.22494752073827956
Control,98,Pioneering broadleaf,0.26310987926720736
Control,98,Needleleaf evergreen,0.41309045379599263
Control,99,Non-tree V.,0.0626492241836788
Control,99,Temperate broadleaf,0.011958806930134952
Control,99,Conifers (other),0.2244473420981858
Control,99,Pioneering broadleaf,0.2633915481991194
Control,99,Needleleaf evergreen,0.4142982831084587
Control,100,Non-tree V.,0.061965212241224664
Control,100,Temperate broadleaf,0.011891877328539819
Control,100,Conifers (other),0.22398647570284047
Control,100,Pioneering broadleaf,0.26355074237149334
Control,100,Needleleaf evergreen,0.41535089687547533
Control,101,Non-tree V.,0.06084739099657046
Control,101,Temperate broadleaf,0.011912503677271362
Control,101,Conifers (other),0.22302685931900673
Control,101,Pioneering broadleaf,0.26411718645448906
Control,101,Needleleaf evergreen,0.41668499416628785
Control,102,Non-tree V.,0.06135603358690386
Control,102,Temperate broadleaf,0.012087298506767588
Control,102,Conifers (other),0.22169841988969174
Control,102,Pioneering broadleaf,0.26491203748005476
Control,102,Needleleaf evergreen,0.4164466412822508
Control,103,Non-tree V.,0.06100924173791716
Control,103,Temperate broadleaf,0.011995895562111177
Control,103,Conifers (other),0.22065928136425214
Control,103,Pioneering broadleaf,0.26566950252908567
Control,103,Needleleaf evergreen,0.4170384898261416
Control,104,Non-tree V.,0.060020630818162495
Control,104,Temperate broadleaf,0.012186408899967811
Control,104,Conifers (other),0.21976048618218336
Control,104,Pioneering broadleaf,0.2662976180182224
Control,104,Needleleaf evergreen,0.4180341439972902
Control,105,Non-tree V.,0.05942083380441074
Control,105,Temperate broadleaf,0.012046374359424954
Control,105,Conifers (other),0.21900904788231887
Control,105,Pioneering broadleaf,0.26604644631238833
Control,105,Needleleaf evergreen,0.41946251931633316
Control,106,Non-tree V.,0.05839921616494
Control,106,Temperate broadleaf,0.012042872650236566
Control,106,Conifers (other),0.21835554992717468
Control,106,Pioneering broadleaf,0.266681102622315
Control,106,Needleleaf evergreen,0.42053887348894026
Control,107,Non-tree V.,0.05923531608674488
Control,107,Temperate broadleaf,0.011735992083895131
Control,107,Conifers (other),0.2169991529169067
Control,107,Pioneering broadleaf,0.26804447672197657
Control,107,Needleleaf evergreen,0.4199719870081808
Control,108,Non-tree V.,0.05870773306483324
Control,108,Temperate broadleaf,0.011638120842820406
Control,108,Conifers (other),0.21558581940219113
Control,108,Pioneering broadleaf,0.26871373186781244
Control,108,Needleleaf evergreen,0.4208323443880255
Control,109,Non-tree V.,0.05788325270515087
Control,109,Temperate broadleaf,0.010767047133827597
Control,109,Conifers (other),0.2148212528251007
Control,109,Pioneering broadleaf,0.2701772528836932
Control,109,Needleleaf evergreen,0.42225652664498564
Control,110,Non-tree V.,0.056806555396175684
Control,110,Temperate broadleaf,0.010105785421686017
Control,110,Conifers (other),0.21469474191243743
Control,110,Pioneering broadleaf,0.2694570942262361
Control,110,Needleleaf evergreen,0.4244379532930083
Control,111,Non-tree V.,0.0560489265667716
Control,111,Temperate broadleaf,0.009832049275517594
Control,111,Conifers (other),0.21383656936555687
Control,111,Pioneering broadleaf,0.2696458691204962
Control,111,Needleleaf evergreen,0.4267572050685611
Control,112,Non-tree V.,0.05679492145584759
Control,112,Temperate broadleaf,0.009689718671002814
Control,112,Conifers (other),0.2114721195062423
Control,112,Pioneering broadleaf,0.27199756952915427
Control,112,Needleleaf evergreen,0.42593868509078753
Control,113,Non-tree V.,0.05536330256839168
Control,113,Temperate broadleaf,0.009943649433618376
Control,113,Conifers (other),0.21364537515774623
Control,113,Pioneering broadleaf,0.2693993454234627
Control,113,Needleleaf evergreen,0.427538109276711
Control,114,Non-tree V.,0.05415231941356706
Control,114,Temperate broadleaf,0.009687460900299564
Control,114,Conifers (other),0.21234042878748813
Control,114,Pioneering broadleaf,0.2692290875707089
Control,114,Needleleaf evergreen,0.4310993690201477
Control,115,Non-tree V.,0.05269044603787804
Control,115,Temperate broadleaf,0.010092975901253031
Control,115,Conifers (other),0.21162684708975443
Control,115,Pioneering broadleaf,0.2685139160321734
Control,115,Needleleaf evergreen,0.4340006757923732
Control,116,Non-tree V.,0.052941351175522504
Control,116,Temperate broadleaf,0.009571491962104679
Control,116,Conifers (other),0.21098256312347188
Control,116,Pioneering broadleaf,0.2693324925680206
Control,116,Needleleaf evergreen,0.43457396067501175
Control,117,Non-tree V.,0.053288142166599946
Control,117,Temperate broadleaf,0.010069429850616785
Control,117,Conifers (other),0.20943192831035862
Control,117,Pioneering broadleaf,0.27062432541831766
Control,117,Needleleaf evergreen,0.43431252658271513
Control,118,Non-tree V.,0.05281579729974113
Control,118,Temperate broadleaf,0.0099533568449349
Control,118,Conifers (other),0.20869568760472051
Control,118,Pioneering broadleaf,0.27004825843283775
Control,118,Needleleaf evergreen,0.4362902539775815
Control,119,Non-tree V.,0.05325495008679218
Control,119,Temperate broadleaf,0.010300163594452972
Control,119,Conifers (other),0.20869610630538782
Control,119,Pioneering broadleaf,0.26824636356321074
Control,119,Needleleaf evergreen,0.43743240122945676
Control,120,Non-tree V.,0.052986441494639894
Control,120,Temperate broadleaf,0.010615054522388463
Control,120,Conifers (other),0.2078239135210161
Control,120,Pioneering broadleaf,0.2641830088602465
Control,120,Needleleaf evergreen,0.44334594580197534
Control,121,Non-tree V.,0.05211691444140057
Control,121,Temperate broadleaf,0.010326989847548235
Control,121,Conifers (other),0.20684037699686952
Control,121,Pioneering broadleaf,0.2656556426604551
Control,121,Needleleaf evergreen,0.4415054721993362
Control,122,Non-tree V.,0.05223071426571898
Control,122,Temperate broadleaf,0.010974797509088457
Control,122,Conifers (other),0.20726840083340578
Control,122,Pioneering broadleaf,0.2673524103698032
Control,122,Needleleaf evergreen,0.4384786220769283
Control,123,Non-tree V.,0.05126423667416571
Control,123,Temperate broadleaf,0.011343962812432105
Control,123,Conifers (other),0.20590445896284992
Control,123,Pioneering broadleaf,0.2804337806520256
Control,123,Needleleaf evergreen,0.42589632819412426
Control,124,Non-tree V.,0.04898288372389484
Control,124,Temperate broadleaf,0.009876436392865534
Control,124,Conifers (other),0.20327354298861253
Control,124,Pioneering broadleaf,0.2987188130521419
Control,124,Needleleaf evergreen,0.41342273017493925
Control,125,Non-tree V.,0.05127259072765093
Control,125,Temperate broadleaf,0.00852790843772063
Control,125,Conifers (other),0.19456218682385287
Control,125,Pioneering broadleaf,0.31174308132026995
Control,125,Needleleaf evergreen,0.40172265092106885
SSP1-RCP2.6,0,Non-tree V.,0
SSP1-RCP2.6,0,Temperate broadleaf,0
SSP1-RCP2.6,0,Conifers (other),0
SSP1-RCP2.6,0,Pioneering broadleaf,0
SSP1-RCP2.6,0,Needleleaf evergreen,0
SSP1-RCP2.6,1,Non-tree V.,0
SSP1-RCP2.6,1,Temperate broadleaf,0
SSP1-RCP2.6,1,Conifers (other),0
SSP1-RCP2.6,1,Pioneering broadleaf,0
SSP1-RCP2.6,1,Needleleaf evergreen,0
SSP1-RCP2.6,2,Non-tree V.,0.9046217887023839
SSP1-RCP2.6,2,Temperate broadleaf,1.3301670641961694e-4
SSP1-RCP2.6,2,Conifers (other),0.053085668156891225
SSP1-RCP2.6,2,Pioneering broadleaf,0.03536146234841801
SSP1-RCP2.6,2,Needleleaf evergreen,0.006798064085887114
SSP1-RCP2.6,3,Non-tree V.,0.8982743243066222
SSP1-RCP2.6,3,Temperate broadleaf,6.356327719136548e-4
SSP1-RCP2.6,3,Conifers (other),0.05320037050962405
SSP1-RCP2.6,3,Pioneering broadleaf,0.03718969891829922
SSP1-RCP2.6,3,Needleleaf evergreen,0.010699973493540857
SSP1-RCP2.6,4,Non-tree V.,0.8866407720043166
SSP1-RCP2.6,4,Temperate broadleaf,0.0010041257822632809
SSP1-RCP2.6,4,Conifers (other),0.05702036921712491
SSP1-RCP2.6,4,Pioneering broadleaf,0.04248309370023541
SSP1-RCP2.6,4,Needleleaf evergreen,0.012851639296060131
SSP1-RCP2.6,5,Non-tree V.,0.8714900544242888
SSP1-RCP2.6,5,Temperate broadleaf,0.001342738981985786
SSP1-RCP2.6,5,Conifers (other),0.06279514810761798
SSP1-RCP2.6,5,Pioneering broadleaf,0.04960524211945057
SSP1-RCP2.6,5,Needleleaf evergreen,0.014766816366656806
SSP1-RCP2.6,6,Non-tree V.,0.8509670824934003
SSP1-RCP2.6,6,Temperate broadleaf,0.001592419159682603
SSP1-RCP2.6,6,Conifers (other),0.07260439690670585
SSP1-RCP2.6,6,Pioneering broadleaf,0.057595560416287835
SSP1-RCP2.6,6,Needleleaf evergreen,0.01724054102392349
SSP1-RCP2.6,7,Non-tree V.,0.802922338044245
SSP1-RCP2.6,7,Temperate broadleaf,0.00226566733238942
SSP1-RCP2.6,7,Conifers (other),0.08360881660850411
SSP1-RCP2.6,7,Pioneering broadleaf,0.06664587684069945
SSP1-RCP2.6,7,Needleleaf evergreen,0.04455730117416201
SSP1-RCP2.6,8,Non-tree V.,0.7724888842632996
SSP1-RCP2.6,8,Temperate broadleaf,0.0026980264834441893
SSP1-RCP2.6,8,Conifers (other),0.09612221347584114
SSP1-RCP2.6,8,Pioneering broadleaf,0.0766070272786369
SSP1-RCP2.6,8,Needleleaf evergreen,0.05208384849877789
SSP1-RCP2.6,9,Non-tree V.,0.7382753241488434
SSP1-RCP2.6,9,Temperate broadleaf,0.003210986976045882
SSP1-RCP2.6,9,Conifers (other),0.10915305301468484
SSP1-RCP2.6,9,Pioneering broadleaf,0.08787697092192376
SSP1-RCP2.6,9,Needleleaf evergreen,0.061483664938502346
SSP1-RCP2.6,10,Non-tree V.,0.702934252231136
SSP1-RCP2.6,10,Temperate broadleaf,0.003867732925018627
SSP1-RCP2.6,10,Conifers (other),0.12186952319276777
SSP1-RCP2.6,10,Pioneering broadleaf,0.09992488632802393
SSP1-RCP2.6,10,Needleleaf evergreen,0.0714036053230538
SSP1-RCP2.6,11,Non-tree V.,0.6663480864006129
SSP1-RCP2.6,11,Temperate broadleaf,0.00457803649986196
SSP1-RCP2.6,11,Conifers (other),0.13430252196434248
SSP1-RCP2.6,11,Pioneering broadleaf,0.11313898439057121
SSP1-RCP2.6,11,Needleleaf evergreen,0.08163237074461192
SSP1-RCP2.6,12,Non-tree V.,0.6234594154691131
SSP1-RCP2.6,12,Temperate broadleaf,0.005415013021395751
SSP1-RCP2.6,12,Conifers (other),0.14434039695306392
SSP1-RCP2.6,12,Pioneering broadleaf,0.12645897445223117
SSP1-RCP2.6,12,Needleleaf evergreen,0.1003262001041961
SSP1-RCP2.6,13,Non-tree V.,0.5862477164238402
SSP1-RCP2.6,13,Temperate broadleaf,0.00625971478013781
SSP1-RCP2.6,13,Conifers (other),0.15505263598072033
SSP1-RCP2.6,13,Pioneering broadleaf,0.1410637480098619
SSP1-RCP2.6,13,Needleleaf evergreen,0.11137618480544056
SSP1-RCP2.6,14,Non-tree V.,0.5493833725755225
SSP1-RCP2.6,14,Temperate broadleaf,0.007124257818507854
SSP1-RCP2.6,14,Conifers (other),0.16472565553524904
SSP1-RCP2.6,14,Pioneering broadleaf,0.1560191495420842
SSP1-RCP2.6,14,Needleleaf evergreen,0.12274756452863654
SSP1-RCP2.6,15,Non-tree V.,0.5140256694323571
SSP1-RCP2.6,15,Temperate broadleaf,0.008026558451946365
SSP1-RCP2.6,15,Conifers (other),0.1731468934318504
SSP1-RCP2.6,15,Pioneering broadleaf,0.17125231938636296
SSP1-RCP2.6,15,Needleleaf evergreen,0.13354855929748383
SSP1-RCP2.6,16,Non-tree V.,0.4798785358081898
SSP1-RCP2.6,16,Temperate broadleaf,0.00892229387853944
SSP1-RCP2.6,16,Conifers (other),0.180607721565257
SSP1-RCP2.6,16,Pioneering broadleaf,0.1865720647636399
SSP1-RCP2.6,16,Needleleaf evergreen,0.14401938398437394
SSP1-RCP2.6,17,Non-tree V.,0.44634118666071737
SSP1-RCP2.6,17,Temperate broadleaf,0.009825891189829013
SSP1-RCP2.6,17,Conifers (other),0.18581148322794247
SSP1-RCP2.6,17,Pioneering broadleaf,0.20162383262791317
SSP1-RCP2.6,17,Needleleaf evergreen,0.1563976062935988
SSP1-RCP2.6,18,Non-tree V.,0.41618784336769077
SSP1-RCP2.6,18,Temperate broadleaf,0.01073968195129206
SSP1-RCP2.6,18,Conifers (other),0.19085652496173894
SSP1-RCP2.6,18,Pioneering broadleaf,0.21676452786742745
SSP1-RCP2.6,18,Needleleaf evergreen,0.16545142185185002
SSP1-RCP2.6,19,Non-tree V.,0.38845479810088646
SSP1-RCP2.6,19,Temperate broadleaf,0.01164662538452724
SSP1-RCP2.6,19,Conifers (other),0.1946298518325948
SSP1-RCP2.6,19,Pioneering broadleaf,0.23165858436679188
SSP1-RCP2.6,19,Needleleaf evergreen,0.17361014031519922
SSP1-RCP2.6,20,Non-tree V.,0.36286171766251485
SSP1-RCP2.6,20,Temperate broadleaf,0.012568667631629374
SSP1-RCP2.6,20,Conifers (other),0.19724882316873543
SSP1-RCP2.6,20,Pioneering broadleaf,0.24641655112603736
SSP1-RCP2.6,20,Needleleaf evergreen,0.18090424041108383
SSP1-RCP2.6,21,Non-tree V.,0.33900388018711314
SSP1-RCP2.6,21,Temperate broadleaf,0.01347289363462309
SSP1-RCP2.6,21,Conifers (other),0.19913788694347762
SSP1-RCP2.6,21,Pioneering broadleaf,0.2609112054421871
SSP1-RCP2.6,21,Needleleaf evergreen,0.18747413379259942
SSP1-RCP2.6,22,Non-tree V.,0.3162330780318873
SSP1-RCP2.6,22,Temperate broadleaf,0.014420542721193
SSP1-RCP2.6,22,Conifers (other),0.19976549300761232
SSP1-RCP2.6,22,Pioneering broadleaf,0.27526852478705555
SSP1-RCP2.6,22,Needleleaf evergreen,0.19431236145225278
SSP1-RCP2.6,23,Non-tree V.,0.2952002673801088
SSP1-RCP2.6,23,Temperate broadleaf,0.015341931419351773
SSP1-RCP2.6,23,Conifers (other),0.20037761397396614
SSP1-RCP2.6,23,Pioneering broadleaf,0.28951513298056786
SSP1-RCP2.6,23,Needleleaf evergreen,0.1995650542460037
SSP1-RCP2.6,24,Non-tree V.,0.27515691241086376
SSP1-RCP2.6,24,Temperate broadleaf,0.016268658124410283
SSP1-RCP2.6,24,Conifers (other),0.20061210361324452
SSP1-RCP2.6,24,Pioneering broadleaf,0.30340270816157094
SSP1-RCP2.6,24,Needleleaf evergreen,0.20455961768991002
SSP1-RCP2.6,25,Non-tree V.,0.25667602499580366
SSP1-RCP2.6,25,Temperate broadleaf,0.017207924719248393
SSP1-RCP2.6,25,Conifers (other),0.20024587680243439
SSP1-RCP2.6,25,Pioneering broadleaf,0.3170003587111716
SSP1-RCP2.6,25,Needleleaf evergreen,0.20886981477134184
SSP1-RCP2.6,26,Non-tree V.,0.23921369699469622
SSP1-RCP2.6,26,Temperate broadleaf,0.01812993269636101
SSP1-RCP2.6,26,Conifers (other),0.19973773114020935
SSP1-RCP2.6,26,Pioneering broadleaf,0.33008303878886963
SSP1-RCP2.6,26,Needleleaf evergreen,0.21283560037986443
SSP1-RCP2.6,27,Non-tree V.,0.22295639317620727
SSP1-RCP2.6,27,Temperate broadleaf,0.01909011836133074
SSP1-RCP2.6,27,Conifers (other),0.19849990512915366
SSP1-RCP2.6,27,Pioneering broadleaf,0.3427616138077095
SSP1-RCP2.6,27,Needleleaf evergreen,0.21669196952559847
SSP1-RCP2.6,28,Non-tree V.,0.20768908879557077
SSP1-RCP2.6,28,Temperate broadleaf,0.020087312835522356
SSP1-RCP2.6,28,Conifers (other),0.19743865150757442
SSP1-RCP2.6,28,Pioneering broadleaf,0.35468033348685507
SSP1-RCP2.6,28,Needleleaf evergreen,0.22010461337447917
SSP1-RCP2.6,29,Non-tree V.,0.1933608625130566
SSP1-RCP2.6,29,Temperate broadleaf,0.021113567159802088
SSP1-RCP2.6,29,Conifers (other),0.19629929099844878
SSP1-RCP2.6,29,Pioneering broadleaf,0.36590092044524924
SSP1-RCP2.6,29,Needleleaf evergreen,0.22332535888344301
SSP1-RCP2.6,30,Non-tree V.,0.1802794984954902
SSP1-RCP2.6,30,Temperate broadleaf,0.022199841137492224
SSP1-RCP2.6,30,Conifers (other),0.19507256089929564
SSP1-RCP2.6,30,Pioneering broadleaf,0.3762081510449069
SSP1-RCP2.6,30,Needleleaf evergreen,0.22623994842281428
SSP1-RCP2.6,31,Non-tree V.,0.16836024615381942
SSP1-RCP2.6,31,Temperate broadleaf,0.023293694047717684
SSP1-RCP2.6,31,Conifers (other),0.19364017404933218
SSP1-RCP2.6,31,Pioneering broadleaf,0.38572312645013185
SSP1-RCP2.6,31,Needleleaf evergreen,0.22898275929900047
SSP1-RCP2.6,32,Non-tree V.,0.15737243809230197
SSP1-RCP2.6,32,Temperate broadleaf,0.024407564951205652
SSP1-RCP2.6,32,Conifers (other),0.19193637982482942
SSP1-RCP2.6,32,Pioneering broadleaf,0.3947808546779515
SSP1-RCP2.6,32,Needleleaf evergreen,0.23150276245371257
SSP1-RCP2.6,33,Non-tree V.,0.1469257209386615
SSP1-RCP2.6,33,Temperate broadleaf,0.025589036033370788
SSP1-RCP2.6,33,Conifers (other),0.1906303366267606
SSP1-RCP2.6,33,Pioneering broadleaf,0.403010945882206
SSP1-RCP2.6,33,Needleleaf evergreen,0.23384396051900277
SSP1-RCP2.6,34,Non-tree V.,0.1372837882754653
SSP1-RCP2.6,34,Temperate broadleaf,0.02677399685846492
SSP1-RCP2.6,34,Conifers (other),0.18919827204425063
SSP1-RCP2.6,34,Pioneering broadleaf,0.4106277411336564
SSP1-RCP2.6,34,Needleleaf evergreen,0.23611620168816116
SSP1-RCP2.6,35,Non-tree V.,0.1284414423141381
SSP1-RCP2.6,35,Temperate broadleaf,0.028025940536355414
SSP1-RCP2.6,35,Conifers (other),0.18781907667328632
SSP1-RCP2.6,35,Pioneering broadleaf,0.4175979311613098
SSP1-RCP2.6,35,Needleleaf evergreen,0.23811560931491058
SSP1-RCP2.6,36,Non-tree V.,0.12043026238593021
SSP1-RCP2.6,36,Temperate broadleaf,0.029259968883572685
SSP1-RCP2.6,36,Conifers (other),0.1863286983156995
SSP1-RCP2.6,36,Pioneering broadleaf,0.4241255374100694
SSP1-RCP2.6,36,Needleleaf evergreen,0.2398555330047301
SSP1-RCP2.6,37,Non-tree V.,0.1130749136851752
SSP1-RCP2.6,37,Temperate broadleaf,0.030485027511510953
SSP1-RCP2.6,37,Conifers (other),0.18472967922223968
SSP1-RCP2.6,37,Pioneering broadleaf,0.4300986711553213
SSP1-RCP2.6,37,Needleleaf evergreen,0.24161170842575172
SSP1-RCP2.6,38,Non-tree V.,0.10622035044635843
SSP1-RCP2.6,38,Temperate broadleaf,0.031741115833480125
SSP1-RCP2.6,38,Conifers (other),0.18340218489091295
SSP1-RCP2.6,38,Pioneering broadleaf,0.4353966580057286
SSP1-RCP2.6,38,Needleleaf evergreen,0.24323969082351757
SSP1-RCP2.6,39,Non-tree V.,0.09997720654200379
SSP1-RCP2.6,39,Temperate broadleaf,0.03294801405116786
SSP1-RCP2.6,39,Conifers (other),0.18207700859243323
SSP1-RCP2.6,39,Pioneering broadleaf,0.4402169715775156
SSP1-RCP2.6,39,Needleleaf evergreen,0.24478079923687923
SSP1-RCP2.6,40,Non-tree V.,0.09416277930781108
SSP1-RCP2.6,40,Temperate broadleaf,0.0341867149013056
SSP1-RCP2.6,40,Conifers (other),0.18071153108160778
SSP1-RCP2.6,40,Pioneering broadleaf,0.4446188986256228
SSP1-RCP2.6,40,Needleleaf evergreen,0.24632007608365422
SSP1-RCP2.6,41,Non-tree V.,0.0886090314554372
SSP1-RCP2.6,41,Temperate broadleaf,0.035370259686752954
SSP1-RCP2.6,41,Conifers (other),0.1795559436928569
SSP1-RCP2.6,41,Pioneering broadleaf,0.4487669481356948
SSP1-RCP2.6,41,Needleleaf evergreen,0.2476978170292606
SSP1-RCP2.6,42,Non-tree V.,0.083624819024933
SSP1-RCP2.6,42,Temperate broadleaf,0.03656454225550162
SSP1-RCP2.6,42,Conifers (other),0.17824021337908144
SSP1-RCP2.6,42,Pioneering broadleaf,0.45257084116206536
SSP1-RCP2.6,42,Needleleaf evergreen,0.2489995841784185
SSP1-RCP2.6,43,Non-tree V.,0.0788509575426319
SSP1-RCP2.6,43,Temperate broadleaf,0.037720425069655665
SSP1-RCP2.6,43,Conifers (other),0.17706038825994014
SSP1-RCP2.6,43,Pioneering broadleaf,0.45616168380428795
SSP1-RCP2.6,43,Needleleaf evergreen,0.250206545323484
SSP1-RCP2.6,44,Non-tree V.,0.07434983180104496
SSP1-RCP2.6,44,Temperate broadleaf,0.03874189743005436
SSP1-RCP2.6,44,Conifers (other),0.1759332198500837
SSP1-RCP2.6,44,Pioneering broadleaf,0.45959729051534
SSP1-RCP2.6,44,Needleleaf evergreen,0.2513777604034829
SSP1-RCP2.6,45,Non-tree V.,0.07009701372454392
SSP1-RCP2.6,45,Temperate broadleaf,0.03978913472481113
SSP1-RCP2.6,45,Conifers (other),0.17485164572792414
SSP1-RCP2.6,45,Pioneering broadleaf,0.4627717506390362
SSP1-RCP2.6,45,Needleleaf evergreen,0.25249045518368646
SSP1-RCP2.6,46,Non-tree V.,0.0662206288163372
SSP1-RCP2.6,46,Temperate broadleaf,0.04085667728978878
SSP1-RCP2.6,46,Conifers (other),0.1738887283140359
SSP1-RCP2.6,46,Pioneering broadleaf,0.4655949076275914
SSP1-RCP2.6,46,Needleleaf evergreen,0.25343905795224936
SSP1-RCP2.6,47,Non-tree V.,0.06258640715395829
SSP1-RCP2.6,47,Temperate broadleaf,0.04184639540677725
SSP1-RCP2.6,47,Conifers (other),0.1728359998058754
SSP1-RCP2.6,47,Pioneering broadleaf,0.4683889946415628
SSP1-RCP2.6,47,Needleleaf evergreen,0.25434220299182914
SSP1-RCP2.6,48,Non-tree V.,0.05911205634258546
SSP1-RCP2.6,48,Temperate broadleaf,0.042811570258300874
SSP1-RCP2.6,48,Conifers (other),0.17183674129708548
SSP1-RCP2.6,48,Pioneering broadleaf,0.4709767310571586
SSP1-RCP2.6,48,Needleleaf evergreen,0.2552629010448734
SSP1-RCP2.6,49,Non-tree V.,0.05577871063887087
SSP1-RCP2.6,49,Temperate broadleaf,0.043715203057148586
SSP1-RCP2.6,49,Conifers (other),0.17085310007074517
SSP1-RCP2.6,49,Pioneering broadleaf,0.47343362952455703
SSP1-RCP2.6,49,Needleleaf evergreen,0.25621935670867746
SSP1-RCP2.6,50,Non-tree V.,0.05267317607788695
SSP1-RCP2.6,50,Temperate broadleaf,0.04458768314468362
SSP1-RCP2.6,50,Conifers (other),0.1699520421393425
SSP1-RCP2.6,50,Pioneering broadleaf,0.4757423700066827
SSP1-RCP2.6,50,Needleleaf evergreen,0.25704472863140654
SSP1-RCP2.6,51,Non-tree V.,0.04979789306151167
SSP1-RCP2.6,51,Temperate broadleaf,0.04542095296831298
SSP1-RCP2.6,51,Conifers (other),0.1691557137261829
SSP1-RCP2.6,51,Pioneering broadleaf,0.47786104740909746
SSP1-RCP2.6,51,Needleleaf evergreen,0.25776439283489827
SSP1-RCP2.6,52,Non-tree V.,0.0470584341603592
SSP1-RCP2.6,52,Temperate broadleaf,0.046048584712246834
SSP1-RCP2.6,52,Conifers (other),0.16826134138892881
SSP1-RCP2.6,52,Pioneering broadleaf,0.48001391458748216
SSP1-RCP2.6,52,Needleleaf evergreen,0.25853078374948824
SSP1-RCP2.6,53,Non-tree V.,0.04445154656963181
SSP1-RCP2.6,53,Temperate broadleaf,0.04668530051935098
SSP1-RCP2.6,53,Conifers (other),0.16755397733943866
SSP1-RCP2.6,53,Pioneering broadleaf,0.48204401462054536
SSP1-RCP2.6,53,Needleleaf evergreen,0.2592651609510284
SSP1-RCP2.6,54,Non-tree V.,0.04195753515841343
SSP1-RCP2.6,54,Temperate broadleaf,0.04732140072819337
SSP1-RCP2.6,54,Conifers (other),0.1667864966449737
SSP1-RCP2.6,54,Pioneering broadleaf,0.4838484241252428
SSP1-RCP2.6,54,Needleleaf evergreen,0.25999920194167625
SSP1-RCP2.6,55,Non-tree V.,0.039557159016565625
SSP1-RCP2.6,55,Temperate broadleaf,0.047830313101836636
SSP1-RCP2.6,55,Conifers (other),0.16618957175975668
SSP1-RCP2.6,55,Pioneering broadleaf,0.4857207491898681
SSP1-RCP2.6,55,Needleleaf evergreen,0.26070220693197893
SSP1-RCP2.6,56,Non-tree V.,0.03726042969930327
SSP1-RCP2.6,56,Temperate broadleaf,0.04835855881132824
SSP1-RCP2.6,56,Conifers (other),0.16546709840034163
SSP1-RCP2.6,56,Pioneering broadleaf,0.4874093555042206
SSP1-RCP2.6,56,Needleleaf evergreen,0.26141761618331644
SSP1-RCP2.6,57,Non-tree V.,0.03519562551671864
SSP1-RCP2.6,57,Temperate broadleaf,0.04854087175517446
SSP1-RCP2.6,57,Conifers (other),0.1647783044368766
SSP1-RCP2.6,57,Pioneering broadleaf,0.4892180438602358
SSP1-RCP2.6,57,Needleleaf evergreen,0.26218021302949757
SSP1-RCP2.6,58,Non-tree V.,0.03311663912128412
SSP1-RCP2.6,58,Temperate broadleaf,0.048659837197157045
SSP1-RCP2.6,58,Conifers (other),0.16422409020304216
SSP1-RCP2.6,58,Pioneering broadleaf,0.49107329148365186
SSP1-RCP2.6,58,Needleleaf evergreen,0.2628392005933698
SSP1-RCP2.6,59,Non-tree V.,0.031194507009944986
SSP1-RCP2.6,59,Temperate broadleaf,0.04909430324429877
SSP1-RCP2.6,59,Conifers (other),0.16362309136266293
SSP1-RCP2.6,59,Pioneering broadleaf,0.4925384659863329
SSP1-RCP2.6,59,Needleleaf evergreen,0.26354963239676255
SSP1-RCP2.6,60,Non-tree V.,0.02946501824080139
SSP1-RCP2.6,60,Temperate broadleaf,0.04910394699991778
SSP1-RCP2.6,60,Conifers (other),0.16301671183515004
SSP1-RCP2.6,60,Pioneering broadleaf,0.4941749641814674
SSP1-RCP2.6,60,Needleleaf evergreen,0.26423935874265775
SSP1-RCP2.6,61,Non-tree V.,0.02769632365708755
SSP1-RCP2.6,61,Temperate broadleaf,0.04894266908313288
SSP1-RCP2.6,61,Conifers (other),0.16258376643573544
SSP1-RCP2.6,61,Pioneering broadleaf,0.4955610111196169
SSP1-RCP2.6,61,Needleleaf evergreen,0.26495540549994023
SSP1-RCP2.6,62,Non-tree V.,0.026137621595593227
SSP1-RCP2.6,62,Temperate broadleaf,0.048397320180367236
SSP1-RCP2.6,62,Conifers (other),0.16201479188958745
SSP1-RCP2.6,62,Pioneering broadleaf,0.4972363951354816
SSP1-RCP2.6,62,Needleleaf evergreen,0.2656052813885098
SSP1-RCP2.6,63,Non-tree V.,0.02461247954262696
SSP1-RCP2.6,63,Temperate broadleaf,0.048365998307745066
SSP1-RCP2.6,63,Conifers (other),0.1614607040942509
SSP1-RCP2.6,63,Pioneering broadleaf,0.49843772504283396
SSP1-RCP2.6,63,Needleleaf evergreen,0.2662536789975903
SSP1-RCP2.6,64,Non-tree V.,0.023275295115008414
SSP1-RCP2.6,64,Temperate broadleaf,0.04805346756652696
SSP1-RCP2.6,64,Conifers (other),0.16082129849591278
SSP1-RCP2.6,64,Pioneering broadleaf,0.49944691254321005
SSP1-RCP2.6,64,Needleleaf evergreen,0.26692502245392485
SSP1-RCP2.6,65,Non-tree V.,0.021984727467755292
SSP1-RCP2.6,65,Temperate broadleaf,0.047446574061474026
SSP1-RCP2.6,65,Conifers (other),0.1603871850996057
SSP1-RCP2.6,65,Pioneering broadleaf,0.5008443367403301
SSP1-RCP2.6,65,Needleleaf evergreen,0.26759834860092924
SSP1-RCP2.6,66,Non-tree V.,0.02084964034977912
SSP1-RCP2.6,66,Temperate broadleaf,0.04700062532010119
SSP1-RCP2.6,66,Conifers (other),0.15982762990517574
SSP1-RCP2.6,66,Pioneering broadleaf,0.5019359113333899
SSP1-RCP2.6,66,Needleleaf evergreen,0.2682126580541694
SSP1-RCP2.6,67,Non-tree V.,0.0200507656316497
SSP1-RCP2.6,67,Temperate broadleaf,0.045984519983562816
SSP1-RCP2.6,67,Conifers (other),0.1595320559871616
SSP1-RCP2.6,67,Pioneering broadleaf,0.5036236077871024
SSP1-RCP2.6,67,Needleleaf evergreen,0.2694179881865943
SSP1-RCP2.6,68,Non-tree V.,0.019314456521671873
SSP1-RCP2.6,68,Temperate broadleaf,0.04532822679492569
SSP1-RCP2.6,68,Conifers (other),0.15897124591131892
SSP1-RCP2.6,68,Pioneering broadleaf,0.5048924589420162
SSP1-RCP2.6,68,Needleleaf evergreen,0.2701025494061314
SSP1-RCP2.6,69,Non-tree V.,0.01840135922201975
SSP1-RCP2.6,69,Temperate broadleaf,0.04495644988625039
SSP1-RCP2.6,69,Conifers (other),0.15849028036368557
SSP1-RCP2.6,69,Pioneering broadleaf,0.505751935970052
SSP1-RCP2.6,69,Needleleaf evergreen,0.27066114652808043
SSP1-RCP2.6,70,Non-tree V.,0.017864764156565315
SSP1-RCP2.6,70,Temperate broadleaf,0.04421723036065834
SSP1-RCP2.6,70,Conifers (other),0.15797972503084357
SSP1-RCP2.6,70,Pioneering broadleaf,0.506829168777568
SSP1-RCP2.6,70,Needleleaf evergreen,0.2713702836444567
SSP1-RCP2.6,71,Non-tree V.,0.01745761227826923
SSP1-RCP2.6,71,Temperate broadleaf,0.04347554904258142
SSP1-RCP2.6,71,Conifers (other),0.15769462469533269
SSP1-RCP2.6,71,Pioneering broadleaf,0.5075812133112437
SSP1-RCP2.6,71,Needleleaf evergreen,0.2718782898396764
SSP1-RCP2.6,72,Non-tree V.,0.016638929876959047
SSP1-RCP2.6,72,Temperate broadleaf,0.0431929645499818
SSP1-RCP2.6,72,Conifers (other),0.15716050734865497
SSP1-RCP2.6,72,Pioneering broadleaf,0.5090561159359662
SSP1-RCP2.6,72,Needleleaf evergreen,0.27325595107647854
SSP1-RCP2.6,73,Non-tree V.,0.01601896903559013
SSP1-RCP2.6,73,Temperate broadleaf,0.042687056729640974
SSP1-RCP2.6,73,Conifers (other),0.15666861273457836
SSP1-RCP2.6,73,Pioneering broadleaf,0.5098937040741846
SSP1-RCP2.6,73,Needleleaf evergreen,0.2738622434110464
SSP1-RCP2.6,74,Non-tree V.,0.015463867323048771
SSP1-RCP2.6,74,Temperate broadleaf,0.0424239780337687
SSP1-RCP2.6,74,Conifers (other),0.15626294141066577
SSP1-RCP2.6,74,Pioneering broadleaf,0.5105855238936527
SSP1-RCP2.6,74,Needleleaf evergreen,0.27439427532390365
SSP1-RCP2.6,75,Non-tree V.,0.014987742438387535
SSP1-RCP2.6,75,Temperate broadleaf,0.04243157824337408
SSP1-RCP2.6,75,Conifers (other),0.15552772130811224
SSP1-RCP2.6,75,Pioneering broadleaf,0.5112580136538836
SSP1-RCP2.6,75,Needleleaf evergreen,0.27492553034128747
SSP1-RCP2.6,76,Non-tree V.,0.01415502329969954
SSP1-RCP2.6,76,Temperate broadleaf,0.042610308414470506
SSP1-RCP2.6,76,Conifers (other),0.15491158466944102
SSP1-RCP2.6,76,Pioneering broadleaf,0.5118176820286208
SSP1-RCP2.6,76,Needleleaf evergreen,0.27546210476982985
SSP1-RCP2.6,77,Non-tree V.,0.01385014610496684
SSP1-RCP2.6,77,Temperate broadleaf,0.04239831224857417
SSP1-RCP2.6,77,Conifers (other),0.15409431900012185
SSP1-RCP2.6,77,Pioneering broadleaf,0.5126461197326944
SSP1-RCP2.6,77,Needleleaf evergreen,0.27648945450467277
SSP1-RCP2.6,78,Non-tree V.,0.013106089606438968
SSP1-RCP2.6,78,Temperate broadleaf,0.04229031935507966
SSP1-RCP2.6,78,Conifers (other),0.153492343854001
SSP1-RCP2.6,78,Pioneering broadleaf,0.5134098150513473
SSP1-RCP2.6,78,Needleleaf evergreen,0.27726672512566036
SSP1-RCP2.6,79,Non-tree V.,0.012362266758348579
SSP1-RCP2.6,79,Temperate broadleaf,0.04256790493425082
SSP1-RCP2.6,79,Conifers (other),0.15281900948797547
SSP1-RCP2.6,79,Pioneering broadleaf,0.5141216095615169
SSP1-RCP2.6,79,Needleleaf evergreen,0.2777814436519211
SSP1-RCP2.6,80,Non-tree V.,0.011754592219637
SSP1-RCP2.6,80,Temperate broadleaf,0.042625630016818676
SSP1-RCP2.6,80,Conifers (other),0.15215339479227397
SSP1-RCP2.6,80,Pioneering broadleaf,0.5146778547772097
SSP1-RCP2.6,80,Needleleaf evergreen,0.27835382118658875
SSP1-RCP2.6,81,Non-tree V.,0.011113127238059971
SSP1-RCP2.6,81,Temperate broadleaf,0.042585594756746774
SSP1-RCP2.6,81,Conifers (other),0.1516225517048132
SSP1-RCP2.6,81,Pioneering broadleaf,0.5151494156515001
SSP1-RCP2.6,81,Needleleaf evergreen,0.27892072083841335
SSP1-RCP2.6,82,Non-tree V.,0.010380434882493341
SSP1-RCP2.6,82,Temperate broadleaf,0.04290401787745052
SSP1-RCP2.6,82,Conifers (other),0.15095539696849314
SSP1-RCP2.6,82,Pioneering broadleaf,0.5157677353281775
SSP1-RCP2.6,82,Needleleaf evergreen,0.2796446493373988
SSP1-RCP2.6,83,Non-tree V.,0.009851273467853888
SSP1-RCP2.6,83,Temperate broadleaf,0.043040820489971786
SSP1-RCP2.6,83,Conifers (other),0.1502710511874317
SSP1-RCP2.6,83,Pioneering broadleaf,0.5164331692393778
SSP1-RCP2.6,83,Needleleaf evergreen,0.28014286141087275
SSP1-RCP2.6,84,Non-tree V.,0.009208642210323055
SSP1-RCP2.6,84,Temperate broadleaf,0.04330950205909178
SSP1-RCP2.6,84,Conifers (other),0.149723255526441
SSP1-RCP2.6,84,Pioneering broadleaf,0.5168832827661424
SSP1-RCP2.6,84,Needleleaf evergreen,0.2806144932335116
SSP1-RCP2.6,85,Non-tree V.,0.008642398974599093
SSP1-RCP2.6,85,Temperate broadleaf,0.04327922092742578
SSP1-RCP2.6,85,Conifers (other),0.14903892503663607
SSP1-RCP2.6,85,Pioneering broadleaf,0.5174068266423242
SSP1-RCP2.6,85,Needleleaf evergreen,0.2811109800100403
SSP1-RCP2.6,86,Non-tree V.,0.008130690707215931
SSP1-RCP2.6,86,Temperate broadleaf,0.04348152381057289
SSP1-RCP2.6,86,Conifers (other),0.14850024469800988
SSP1-RCP2.6,86,Pioneering broadleaf,0.5178504058594404
SSP1-RCP2.6,86,Needleleaf evergreen,0.28151548651580094
SSP1-RCP2.6,87,Non-tree V.,0.007736611885082706
SSP1-RCP2.6,87,Temperate broadleaf,0.043776506365598884
SSP1-RCP2.6,87,Conifers (other),0.14782543582697566
SSP1-RCP2.6,87,Pioneering broadleaf,0.5183421978919791
SSP1-RCP2.6,87,Needleleaf evergreen,0.28205842382588214
SSP1-RCP2.6,88,Non-tree V.,0.007378002537075607
SSP1-RCP2.6,88,Temperate broadleaf,0.04398774966206947
SSP1-RCP2.6,88,Conifers (other),0.14721915111128578
SSP1-RCP2.6,88,Pioneering broadleaf,0.5188117172289441
SSP1-RCP2.6,88,Needleleaf evergreen,0.2824294966576271
SSP1-RCP2.6,89,Non-tree V.,0.006911117071236197
SSP1-RCP2.6,89,Temperate broadleaf,0.04405788870704957
SSP1-RCP2.6,89,Conifers (other),0.1466183462723842
SSP1-RCP2.6,89,Pioneering broadleaf,0.519198282438421
SSP1-RCP2.6,89,Needleleaf evergreen,0.28286659990492696
SSP1-RCP2.6,90,Non-tree V.,0.0067588258098185946
SSP1-RCP2.6,90,Temperate broadleaf,0.04399413955093603
SSP1-RCP2.6,90,Conifers (other),0.14603740637715903
SSP1-RCP2.6,90,Pioneering broadleaf,0.5194735935477031
SSP1-RCP2.6,90,Needleleaf evergreen,0.28321438630540685
SSP1-RCP2.6,91,Non-tree V.,0.006483916245948366
SSP1-RCP2.6,91,Temperate broadleaf,0.04418116713089696
SSP1-RCP2.6,91,Conifers (other),0.14544857011431003
SSP1-RCP2.6,91,Pioneering broadleaf,0.5197501739320783
SSP1-RCP2.6,91,Needleleaf evergreen,0.28361452416779637
SSP1-RCP2.6,92,Non-tree V.,0.006382343440638477
SSP1-RCP2.6,92,Temperate broadleaf,0.04419343322875809
SSP1-RCP2.6,92,Conifers (other),0.1449157325869733
SSP1-RCP2.6,92,Pioneering broadleaf,0.519963315204749
SSP1-RCP2.6,92,Needleleaf evergreen,0.284197409932905
SSP1-RCP2.6,93,Non-tree V.,0.006194556038690858
SSP1-RCP2.6,93,Temperate broadleaf,0.04403609816875695
SSP1-RCP2.6,93,Conifers (other),0.14434131423155175
SSP1-RCP2.6,93,Pioneering broadleaf,0.5204220129283436
SSP1-RCP2.6,93,Needleleaf evergreen,0.2844843702236804
SSP1-RCP2.6,94,Non-tree V.,0.006079009463096103
SSP1-RCP2.6,94,Temperate broadleaf,0.04399876574544408
SSP1-RCP2.6,94,Conifers (other),0.1437554700373629
SSP1-RCP2.6,94,Pioneering broadleaf,0.5206000745846082
SSP1-RCP2.6,94,Needleleaf evergreen,0.28478420755603356
SSP1-RCP2.6,95,Non-tree V.,0.005982680195336946
SSP1-RCP2.6,95,Temperate broadleaf,0.044162290095364404
SSP1-RCP2.6,95,Conifers (other),0.14315979183535235
SSP1-RCP2.6,95,Pioneering broadleaf,0.520818217702506
SSP1-RCP2.6,95,Needleleaf evergreen,0.2850945475579813
SSP1-RCP2.6,96,Non-tree V.,0.005990736141559109
SSP1-RCP2.6,96,Temperate broadleaf,0.044239579585237845
SSP1-RCP2.6,96,Conifers (other),0.1425699572722432
SSP1-RCP2.6,96,Pioneering broadleaf,0.5209778324230135
SSP1-RCP2.6,96,Needleleaf evergreen,0.28543942196448824
SSP1-RCP2.6,97,Non-tree V.,0.006148474423557649
SSP1-RCP2.6,97,Temperate broadleaf,0.044396648402775886
SSP1-RCP2.6,97,Conifers (other),0.14198951733563703
SSP1-RCP2.6,97,Pioneering broadleaf,0.5211896965917892
SSP1-RCP2.6,97,Needleleaf evergreen,0.2860148390417529
SSP1-RCP2.6,98,Non-tree V.,0.006073595930315049
SSP1-RCP2.6,98,Temperate broadleaf,0.044548668582897036
SSP1-RCP2.6,98,Conifers (other),0.141508497424082
SSP1-RCP2.6,98,Pioneering broadleaf,0.521346514059111
SSP1-RCP2.6,98,Needleleaf evergreen,0.2863488412006
SSP1-RCP2.6,99,Non-tree V.,0.006076535032971189
SSP1-RCP2.6,99,Temperate broadleaf,0.044764710241629146
SSP1-RCP2.6,99,Conifers (other),0.14094394083302553
SSP1-RCP2.6,99,Pioneering broadleaf,0.5214487398185558
SSP1-RCP2.6,99,Needleleaf evergreen,0.2866791326723275
SSP1-RCP2.6,100,Non-tree V.,0.006078459040938014
SSP1-RCP2.6,100,Temperate broadleaf,0.044916537615572245
SSP1-RCP2.6,100,Conifers (other),0.140435036380617
SSP1-RCP2.6,100,Pioneering broadleaf,0.521422707820724
SSP1-RCP2.6,100,Needleleaf evergreen,0.28706031774066015
SSP1-RCP2.6,101,Non-tree V.,0.006000292858579068
SSP1-RCP2.6,101,Temperate broadleaf,0.045496502083563845
SSP1-RCP2.6,101,Conifers (other),0.1399400760507907
SSP1-RCP2.6,101,Pioneering broadleaf,0.5214220845043382
SSP1-RCP2.6,101,Needleleaf evergreen,0.28686816838848705
SSP1-RCP2.6,102,Non-tree V.,0.0057914394702082575
SSP1-RCP2.6,102,Temperate broadleaf,0.045937159305540654
SSP1-RCP2.6,102,Conifers (other),0.13894145514725217
SSP1-RCP2.6,102,Pioneering broadleaf,0.5210333147158248
SSP1-RCP2.6,102,Needleleaf evergreen,0.2878207581338063
SSP1-RCP2.6,103,Non-tree V.,0.005776008355805959
SSP1-RCP2.6,103,Temperate broadleaf,0.046726531380022945
SSP1-RCP2.6,103,Conifers (other),0.13885995931357406
SSP1-RCP2.6,103,Pioneering broadleaf,0.5209753955117771
SSP1-RCP2.6,103,Needleleaf evergreen,0.2871633025657198
SSP1-RCP2.6,104,Non-tree V.,0.005883857060047278
SSP1-RCP2.6,104,Temperate broadleaf,0.04672081966457949
SSP1-RCP2.6,104,Conifers (other),0.13833632388064462
SSP1-RCP2.6,104,Pioneering broadleaf,0.5207358453901992
SSP1-RCP2.6,104,Needleleaf evergreen,0.2880082594941855
SSP1-RCP2.6,105,Non-tree V.,0.0059797241183404334
SSP1-RCP2.6,105,Temperate broadleaf,0.04647747241201352
SSP1-RCP2.6,105,Conifers (other),0.1381149784367604
SSP1-RCP2.6,105,Pioneering broadleaf,0.5193658823379037
SSP1-RCP2.6,105,Needleleaf evergreen,0.28973030440181
SSP1-RCP2.6,106,Non-tree V.,0.0060387904177504215
SSP1-RCP2.6,106,Temperate broadleaf,0.04623705225952917
SSP1-RCP2.6,106,Conifers (other),0.13794839232803696
SSP1-RCP2.6,106,Pioneering broadleaf,0.5192403466486424
SSP1-RCP2.6,106,Needleleaf evergreen,0.290301006719224
SSP1-RCP2.6,107,Non-tree V.,0.005932136263727261
SSP1-RCP2.6,107,Temperate broadleaf,0.04574065506832248
SSP1-RCP2.6,107,Conifers (other),0.13768765837106728
SSP1-RCP2.6,107,Pioneering broadleaf,0.5205652110274915
SSP1-RCP2.6,107,Needleleaf evergreen,0.2899507145939081
SSP1-RCP2.6,108,Non-tree V.,0.0057984509023122814
SSP1-RCP2.6,108,Temperate broadleaf,0.04646450540311205
SSP1-RCP2.6,108,Conifers (other),0.13696630222150316
SSP1-RCP2.6,108,Pioneering broadleaf,0.5209361223603469
SSP1-RCP2.6,108,Needleleaf evergreen,0.2897025361646334
SSP1-RCP2.6,109,Non-tree V.,0.0059084644970699976
SSP1-RCP2.6,109,Temperate broadleaf,0.045898455878407185
SSP1-RCP2.6,109,Conifers (other),0.13685141990599375
SSP1-RCP2.6,109,Pioneering broadleaf,0.5191338909630618
SSP1-RCP2.6,109,Needleleaf evergreen,0.29220776875546256
SSP1-RCP2.6,110,Non-tree V.,0.005921897017824597
SSP1-RCP2.6,110,Temperate broadleaf,0.046416310236348034
SSP1-RCP2.6,110,Conifers (other),0.13623927327985932
SSP1-RCP2.6,110,Pioneering broadleaf,0.5177638806772091
SSP1-RCP2.6,110,Needleleaf evergreen,0.2936586387887571
SSP1-RCP2.6,111,Non-tree V.,0.005847843361334361
SSP1-RCP2.6,111,Temperate broadleaf,0.04685230916540599
SSP1-RCP2.6,111,Conifers (other),0.1358865243738785
SSP1-RCP2.6,111,Pioneering broadleaf,0.5144819932295913
SSP1-RCP2.6,111,Needleleaf evergreen,0.29693132986979104
SSP1-RCP2.6,112,Non-tree V.,0.006004887507702221
SSP1-RCP2.6,112,Temperate broadleaf,0.045823312476562544
SSP1-RCP2.6,112,Conifers (other),0.13492934868286235
SSP1-RCP2.6,112,Pioneering broadleaf,0.5166891593052048
SSP1-RCP2.6,112,Needleleaf evergreen,0.2965532920276716
SSP1-RCP2.6,113,Non-tree V.,0.006022146145075714
SSP1-RCP2.6,113,Temperate broadleaf,0.04637506930038884
SSP1-RCP2.6,113,Conifers (other),0.13451074935180796
SSP1-RCP2.6,113,Pioneering broadleaf,0.5178643976445028
SSP1-RCP2.6,113,Needleleaf evergreen,0.2952276375582268
SSP1-RCP2.6,114,Non-tree V.,0.005934490609604096
SSP1-RCP2.6,114,Temperate broadleaf,0.04565462737911842
SSP1-RCP2.6,114,Conifers (other),0.13443601911268163
SSP1-RCP2.6,114,Pioneering broadleaf,0.5192192284805797
SSP1-RCP2.6,114,Needleleaf evergreen,0.2947556344180165
SSP1-RCP2.6,115,Non-tree V.,0.006072941134085442
SSP1-RCP2.6,115,Temperate broadleaf,0.045975679977257045
SSP1-RCP2.6,115,Conifers (other),0.13488066701659263
SSP1-RCP2.6,115,Pioneering broadleaf,0.5177606781774605
SSP1-RCP2.6,115,Needleleaf evergreen,0.2953100336946036
SSP1-RCP2.6,116,Non-tree V.,0.006043966188662085
SSP1-RCP2.6,116,Temperate broadleaf,0.04698207223201838
SSP1-RCP2.6,116,Conifers (other),0.13410229376784974
SSP1-RCP2.6,116,Pioneering broadleaf,0.519062939920765
SSP1-RCP2.6,116,Needleleaf evergreen,0.2938087278907053
SSP1-RCP2.6,117,Non-tree V.,0.005814896933627674
SSP1-RCP2.6,117,Temperate broadleaf,0.046398486995128725
SSP1-RCP2.6,117,Conifers (other),0.13477370515380072
SSP1-RCP2.6,117,Pioneering broadleaf,0.5202039062490432
SSP1-RCP2.6,117,Needleleaf evergreen,0.29280900466840015
SSP1-RCP2.6,118,Non-tree V.,0.00594101581496228
SSP1-RCP2.6,118,Temperate broadleaf,0.04741635530029694
SSP1-RCP2.6,118,Conifers (other),0.13345116976017088
SSP1-RCP2.6,118,Pioneering broadleaf,0.5207999998411399
SSP1-RCP2.6,118,Needleleaf evergreen,0.2923914592834306
SSP1-RCP2.6,119,Non-tree V.,0.0056986093183811265
SSP1-RCP2.6,119,Temperate broadleaf,0.04914100437193613
SSP1-RCP2.6,119,Conifers (other),0.13223863370504385
SSP1-RCP2.6,119,Pioneering broadleaf,0.5210935397570657
SSP1-RCP2.6,119,Needleleaf evergreen,0.29182821284757443
SSP1-RCP2.6,120,Non-tree V.,0.005847808015780682
SSP1-RCP2.6,120,Temperate broadleaf,0.05212623330158857
SSP1-RCP2.6,120,Conifers (other),0.13282020872599767
SSP1-RCP2.6,120,Pioneering broadleaf,0.5201423766528586
SSP1-RCP2.6,120,Needleleaf evergreen,0.2890633733037743
SSP1-RCP2.6,121,Non-tree V.,0.00602525537849494
SSP1-RCP2.6,121,Temperate broadleaf,0.049139219251394126
SSP1-RCP2.6,121,Conifers (other),0.1329986150374937
SSP1-RCP2.6,121,Pioneering broadleaf,0.5191886789413432
SSP1-RCP2.6,121,Needleleaf evergreen,0.29264823139127344
SSP1-RCP2.6,122,Non-tree V.,0.006136844577542016
SSP1-RCP2.6,122,Temperate broadleaf,0.048528299012923215
SSP1-RCP2.6,122,Conifers (other),0.13408792914788445
SSP1-RCP2.6,122,Pioneering broadleaf,0.5186711179200139
SSP1-RCP2.6,122,Needleleaf evergreen,0.29257580934163635
SSP1-RCP2.6,123,Non-tree V.,0.0061837116746213715
SSP1-RCP2.6,123,Temperate broadleaf,0.047867907728220166
SSP1-RCP2.6,123,Conifers (other),0.1337450771408681
SSP1-RCP2.6,123,Pioneering broadleaf,0.5282342631536106
SSP1-RCP2.6,123,Needleleaf evergreen,0.28396904030267917
SSP1-RCP2.6,124,Non-tree V.,0.0065066680105559755
SSP1-RCP2.6,124,Temperate broadleaf,0.05439785844370305
SSP1-RCP2.6,124,Conifers (other),0.13531304152449525
SSP1-RCP2.6,124,Pioneering broadleaf,0.5089922011357237
SSP1-RCP2.6,124,Needleleaf evergreen,0.2947902308855218
SSP1-RCP2.6,125,Non-tree V.,0.006968100440888261
SSP1-RCP2.6,125,Temperate broadleaf,0.045934726251874176
SSP1-RCP2.6,125,Conifers (other),0.12905999395055004
SSP1-RCP2.6,125,Pioneering broadleaf,0.5133352132020365
SSP1-RCP2.6,125,Needleleaf evergreen,0.3047019661546509
SSP5-RCP8.5,0,Non-tree V.,0
SSP5-RCP8.5,0,Temperate broadleaf,0
SSP5-RCP8.5,0,Conifers (other),0
SSP5-RCP8.5,0,Pioneering broadleaf,0
SSP5-RCP8.5,0,Needleleaf evergreen,0
SSP5-RCP8.5,1,Non-tree V.,0
SSP5-RCP8.5,1,Temperate broadleaf,0
SSP5-RCP8.5,1,Conifers (other),0
SSP5-RCP8.5,1,Pioneering broadleaf,0
SSP5-RCP8.5,1,Needleleaf evergreen,0
SSP5-RCP8.5,2,Non-tree V.,0.9036379883873005
SSP5-RCP8.5,2,Temperate broadleaf,2.538143812384027e-4
SSP5-RCP8.5,2,Conifers (other),0.052942328479406914
SSP5-RCP8.5,2,Pioneering broadleaf,0.03575513035265547
SSP5-RCP8.5,2,Needleleaf evergreen,0.007410738399398602
SSP5-RCP8.5,3,Non-tree V.,0.894927897417879
SSP5-RCP8.5,3,Temperate broadleaf,9.597849869061411e-4
SSP5-RCP8.5,3,Conifers (other),0.053601563861181506
SSP5-RCP8.5,3,Pioneering broadleaf,0.03924189394168131
SSP5-RCP8.5,3,Needleleaf evergreen,0.011268859792352127
SSP5-RCP8.5,4,Non-tree V.,0.8811435265075411
SSP5-RCP8.5,4,Temperate broadleaf,0.0014831572744991475
SSP5-RCP8.5,4,Conifers (other),0.05816882348200463
SSP5-RCP8.5,4,Pioneering broadleaf,0.04570671805887622
SSP5-RCP8.5,4,Needleleaf evergreen,0.013497774677078874
SSP5-RCP8.5,5,Non-tree V.,0.8617268046324597
SSP5-RCP8.5,5,Temperate broadleaf,0.0020168634444751427
SSP5-RCP8.5,5,Conifers (other),0.06586146779689658
SSP5-RCP8.5,5,Pioneering broadleaf,0.054839316470485934
SSP5-RCP8.5,5,Needleleaf evergreen,0.015555547655682511
SSP5-RCP8.5,6,Non-tree V.,0.8363263893492434
SSP5-RCP8.5,6,Temperate broadleaf,0.0024874410506775173
SSP5-RCP8.5,6,Conifers (other),0.07761653399277996
SSP5-RCP8.5,6,Pioneering broadleaf,0.06537862722555271
SSP5-RCP8.5,6,Needleleaf evergreen,0.018191008381746487
SSP5-RCP8.5,7,Non-tree V.,0.7817397153043635
SSP5-RCP8.5,7,Temperate broadleaf,0.0034908410369325444
SSP5-RCP8.5,7,Conifers (other),0.09052414307163988
SSP5-RCP8.5,7,Pioneering broadleaf,0.07762261984058258
SSP5-RCP8.5,7,Needleleaf evergreen,0.046622680746481855
SSP5-RCP8.5,8,Non-tree V.,0.7461867398907716
SSP5-RCP8.5,8,Temperate broadleaf,0.004187541209842907
SSP5-RCP8.5,8,Conifers (other),0.10422891158655478
SSP5-RCP8.5,8,Pioneering broadleaf,0.09105715709658645
SSP5-RCP8.5,8,Needleleaf evergreen,0.05433965021624414
SSP5-RCP8.5,9,Non-tree V.,0.7060049840534427
SSP5-RCP8.5,9,Temperate broadleaf,0.005096411665358324
SSP5-RCP8.5,9,Conifers (other),0.11843177933272674
SSP5-RCP8.5,9,Pioneering broadleaf,0.10621532955286468
SSP5-RCP8.5,9,Needleleaf evergreen,0.06425149539560744
SSP5-RCP8.5,10,Non-tree V.,0.6655511261224784
SSP5-RCP8.5,10,Temperate broadleaf,0.006168558302084442
SSP5-RCP8.5,10,Conifers (other),0.13160195781718936
SSP5-RCP8.5,10,Pioneering broadleaf,0.12250983503106042
SSP5-RCP8.5,10,Needleleaf evergreen,0.07416852272718796
SSP5-RCP8.5,11,Non-tree V.,0.6241182343962066
SSP5-RCP8.5,11,Temperate broadleaf,0.00738580701938628
SSP5-RCP8.5,11,Conifers (other),0.14417005904779479
SSP5-RCP8.5,11,Pioneering broadleaf,0.14012119554200242
SSP5-RCP8.5,11,Needleleaf evergreen,0.08420470399461023
SSP5-RCP8.5,12,Non-tree V.,0.5775055137196352
SSP5-RCP8.5,12,Temperate broadleaf,0.00872149855587964
SSP5-RCP8.5,12,Conifers (other),0.154165641730707
SSP5-RCP8.5,12,Pioneering broadleaf,0.1581545838587374
SSP5-RCP8.5,12,Needleleaf evergreen,0.101452762135041
SSP5-RCP8.5,13,Non-tree V.,0.5365078278868516
SSP5-RCP8.5,13,Temperate broadleaf,0.010094462716118519
SSP5-RCP8.5,13,Conifers (other),0.1642783903305065
SSP5-RCP8.5,13,Pioneering broadleaf,0.17755482169617548
SSP5-RCP8.5,13,Needleleaf evergreen,0.11156449737034788
SSP5-RCP8.5,14,Non-tree V.,0.4964174571026542
SSP5-RCP8.5,14,Temperate broadleaf,0.011516522860933182
SSP5-RCP8.5,14,Conifers (other),0.17296802729653804
SSP5-RCP8.5,14,Pioneering broadleaf,0.19739540279527892
SSP5-RCP8.5,14,Needleleaf evergreen,0.12170258994459485
SSP5-RCP8.5,15,Non-tree V.,0.4579843156246944
SSP5-RCP8.5,15,Temperate broadleaf,0.012960341068899423
SSP5-RCP8.5,15,Conifers (other),0.1804043843459983
SSP5-RCP8.5,15,Pioneering broadleaf,0.21760041830902854
SSP5-RCP8.5,15,Needleleaf evergreen,0.13105054065137986
SSP5-RCP8.5,16,Non-tree V.,0.42164376853236113
SSP5-RCP8.5,16,Temperate broadleaf,0.014440631057728307
SSP5-RCP8.5,16,Conifers (other),0.18643204800355823
SSP5-RCP8.5,16,Pioneering broadleaf,0.237840033782238
SSP5-RCP8.5,16,Needleleaf evergreen,0.13964351862411342
SSP5-RCP8.5,17,Non-tree V.,0.3863789870893938
SSP5-RCP8.5,17,Temperate broadleaf,0.015964536289977814
SSP5-RCP8.5,17,Conifers (other),0.19019446181339383
SSP5-RCP8.5,17,Pioneering broadleaf,0.2579226864585233
SSP5-RCP8.5,17,Needleleaf evergreen,0.14953932834871145
SSP5-RCP8.5,18,Non-tree V.,0.3546403875823861
SSP5-RCP8.5,18,Temperate broadleaf,0.017456879380039925
SSP5-RCP8.5,18,Conifers (other),0.1935492336015293
SSP5-RCP8.5,18,Pioneering broadleaf,0.27785108317315954
SSP5-RCP8.5,18,Needleleaf evergreen,0.15650241626288672
SSP5-RCP8.5,19,Non-tree V.,0.3251905189653025
SSP5-RCP8.5,19,Temperate broadleaf,0.018992666604144965
SSP5-RCP8.5,19,Conifers (other),0.19559700826651608
SSP5-RCP8.5,19,Pioneering broadleaf,0.2973650777640236
SSP5-RCP8.5,19,Needleleaf evergreen,0.1628547284000131
SSP5-RCP8.5,20,Non-tree V.,0.29833833831850637
SSP5-RCP8.5,20,Temperate broadleaf,0.0205596073292537
SSP5-RCP8.5,20,Conifers (other),0.1965578164560083
SSP5-RCP8.5,20,Pioneering broadleaf,0.3164327967985619
SSP5-RCP8.5,20,Needleleaf evergreen,0.1681114410976684
SSP5-RCP8.5,21,Non-tree V.,0.2736756540650425
SSP5-RCP8.5,21,Temperate broadleaf,0.022149690355586296
SSP5-RCP8.5,21,Conifers (other),0.19667862207519082
SSP5-RCP8.5,21,Pioneering broadleaf,0.33485473910213776
SSP5-RCP8.5,21,Needleleaf evergreen,0.17264129440204126
SSP5-RCP8.5,22,Non-tree V.,0.2500976446287915
SSP5-RCP8.5,22,Temperate broadleaf,0.02376560977165312
SSP5-RCP8.5,22,Conifers (other),0.19576390696903512
SSP5-RCP8.5,22,Pioneering broadleaf,0.35307383308457546
SSP5-RCP8.5,22,Needleleaf evergreen,0.17729900554594288
SSP5-RCP8.5,23,Non-tree V.,0.22871132801171062
SSP5-RCP8.5,23,Temperate broadleaf,0.02536774352069697
SSP5-RCP8.5,23,Conifers (other),0.19472665417111185
SSP5-RCP8.5,23,Pioneering broadleaf,0.3704727859266449
SSP5-RCP8.5,23,Needleleaf evergreen,0.18072148836983395
SSP5-RCP8.5,24,Non-tree V.,0.20862152773801537
SSP5-RCP8.5,24,Temperate broadleaf,0.027027768667518486
SSP5-RCP8.5,24,Conifers (other),0.19312453679672476
SSP5-RCP8.5,24,Pioneering broadleaf,0.3873343385220107
SSP5-RCP8.5,24,Needleleaf evergreen,0.1838918282757296
SSP5-RCP8.5,25,Non-tree V.,0.1905104920975346
SSP5-RCP8.5,25,Temperate broadleaf,0.028735393463373983
SSP5-RCP8.5,25,Conifers (other),0.19116150049308606
SSP5-RCP8.5,25,Pioneering broadleaf,0.4029369076913526
SSP5-RCP8.5,25,Needleleaf evergreen,0.18665570625465203
SSP5-RCP8.5,26,Non-tree V.,0.17348239157280695
SSP5-RCP8.5,26,Temperate broadleaf,0.030486856155595744
SSP5-RCP8.5,26,Conifers (other),0.18905770636564842
SSP5-RCP8.5,26,Pioneering broadleaf,0.41792346673202474
SSP5-RCP8.5,26,Needleleaf evergreen,0.18904957917392173
SSP5-RCP8.5,27,Non-tree V.,0.1586208761263177
SSP5-RCP8.5,27,Temperate broadleaf,0.032345922198494435
SSP5-RCP8.5,27,Conifers (other),0.18645705086424041
SSP5-RCP8.5,27,Pioneering broadleaf,0.4311668582928322
SSP5-RCP8.5,27,Needleleaf evergreen,0.19140929251811314
SSP5-RCP8.5,28,Non-tree V.,0.14502213442662298
SSP5-RCP8.5,28,Temperate broadleaf,0.03427496796639041
SSP5-RCP8.5,28,Conifers (other),0.18407880542334845
SSP5-RCP8.5,28,Pioneering broadleaf,0.4433131809851583
SSP5-RCP8.5,28,Needleleaf evergreen,0.19331091119848157
SSP5-RCP8.5,29,Non-tree V.,0.1330196171193933
SSP5-RCP8.5,29,Temperate broadleaf,0.036294243209717345
SSP5-RCP8.5,29,Conifers (other),0.18151150368668437
SSP5-RCP8.5,29,Pioneering broadleaf,0.45407412899092364
SSP5-RCP8.5,29,Needleleaf evergreen,0.19510050699328105
SSP5-RCP8.5,30,Non-tree V.,0.12201889573186049
SSP5-RCP8.5,30,Temperate broadleaf,0.038398607741938894
SSP5-RCP8.5,30,Conifers (other),0.17908055839135253
SSP5-RCP8.5,30,Pioneering broadleaf,0.4637774768627681
SSP5-RCP8.5,30,Needleleaf evergreen,0.196724461272078
SSP5-RCP8.5,31,Non-tree V.,0.11204317061107213
SSP5-RCP8.5,31,Temperate broadleaf,0.04061243773920205
SSP5-RCP8.5,31,Conifers (other),0.1765056230726006
SSP5-RCP8.5,31,Pioneering broadleaf,0.47257625051382124
SSP5-RCP8.5,31,Needleleaf evergreen,0.19826251806330225
SSP5-RCP8.5,32,Non-tree V.,0.10354387295591111
SSP5-RCP8.5,32,Temperate broadleaf,0.04289669237145936
SSP5-RCP8.5,32,Conifers (other),0.1737936829623138
SSP5-RCP8.5,32,Pioneering broadleaf,0.4801892208473097
SSP5-RCP8.5,32,Needleleaf evergreen,0.19957653086300417
SSP5-RCP8.5,33,Non-tree V.,0.09540232811080028
SSP5-RCP8.5,33,Temperate broadleaf,0.0452462332674692
SSP5-RCP8.5,33,Conifers (other),0.1712902019892007
SSP5-RCP8.5,33,Pioneering broadleaf,0.4872799775843834
SSP5-RCP8.5,33,Needleleaf evergreen,0.20078125904814623
SSP5-RCP8.5,34,Non-tree V.,0.08796706957343255
SSP5-RCP8.5,34,Temperate broadleaf,0.047679836300160476
SSP5-RCP8.5,34,Conifers (other),0.16888805582537736
SSP5-RCP8.5,34,Pioneering broadleaf,0.49363280727302883
SSP5-RCP8.5,34,Needleleaf evergreen,0.2018322310279985
SSP5-RCP8.5,35,Non-tree V.,0.08138327977987456
SSP5-RCP8.5,35,Temperate broadleaf,0.05015699919271279
SSP5-RCP8.5,35,Conifers (other),0.16655848454704153
SSP5-RCP8.5,35,Pioneering broadleaf,0.49909333055336425
SSP5-RCP8.5,35,Needleleaf evergreen,0.20280790592700532
SSP5-RCP8.5,36,Non-tree V.,0.07540121260982707
SSP5-RCP8.5,36,Temperate broadleaf,0.052668308048257576
SSP5-RCP8.5,36,Conifers (other),0.16425172046474432
SSP5-RCP8.5,36,Pioneering broadleaf,0.5040829135458376
SSP5-RCP8.5,36,Needleleaf evergreen,0.20359584533133443
SSP5-RCP8.5,37,Non-tree V.,0.06989949795755725
SSP5-RCP8.5,37,Temperate broadleaf,0.05512809189853793
SSP5-RCP8.5,37,Conifers (other),0.16205797669628808
SSP5-RCP8.5,37,Pioneering broadleaf,0.5085562733644369
SSP5-RCP8.5,37,Needleleaf evergreen,0.20435816008318264
SSP5-RCP8.5,38,Non-tree V.,0.06477752453810197
SSP5-RCP8.5,38,Temperate broadleaf,0.057622877855196396
SSP5-RCP8.5,38,Conifers (other),0.16003790054920605
SSP5-RCP8.5,38,Pioneering broadleaf,0.5125325579346895
SSP5-RCP8.5,38,Needleleaf evergreen,0.20502913912280868
SSP5-RCP8.5,39,Non-tree V.,0.0599796449099327
SSP5-RCP8.5,39,Temperate broadleaf,0.060054755948342725
SSP5-RCP8.5,39,Conifers (other),0.15813966970909465
SSP5-RCP8.5,39,Pioneering broadleaf,0.5162891055565557
SSP5-RCP8.5,39,Needleleaf evergreen,0.2055368238760697
SSP5-RCP8.5,40,Non-tree V.,0.055575684827632636
SSP5-RCP8.5,40,Temperate broadleaf,0.06248770012847225
SSP5-RCP8.5,40,Conifers (other),0.1561435994184687
SSP5-RCP8.5,40,Pioneering broadleaf,0.5198387391152699
SSP5-RCP8.5,40,Needleleaf evergreen,0.20595427651016185
SSP5-RCP8.5,41,Non-tree V.,0.0515916750950884
SSP5-RCP8.5,41,Temperate broadleaf,0.06486127585344194
SSP5-RCP8.5,41,Conifers (other),0.15434719860221172
SSP5-RCP8.5,41,Pioneering broadleaf,0.5228720975335079
SSP5-RCP8.5,41,Needleleaf evergreen,0.20632775291574748
SSP5-RCP8.5,42,Non-tree V.,0.047845440684843886
SSP5-RCP8.5,42,Temperate broadleaf,0.06710617346626423
SSP5-RCP8.5,42,Conifers (other),0.15259306655759228
SSP5-RCP8.5,42,Pioneering broadleaf,0.5258340949607192
SSP5-RCP8.5,42,Needleleaf evergreen,0.20662122433058122
SSP5-RCP8.5,43,Non-tree V.,0.04414468966692464
SSP5-RCP8.5,43,Temperate broadleaf,0.06929315851871064
SSP5-RCP8.5,43,Conifers (other),0.15092718147620976
SSP5-RCP8.5,43,Pioneering broadleaf,0.5287499309379169
SSP5-RCP8.5,43,Needleleaf evergreen,0.2068850394002377
SSP5-RCP8.5,44,Non-tree V.,0.04086830983372483
SSP5-RCP8.5,44,Temperate broadleaf,0.07144211704848782
SSP5-RCP8.5,44,Conifers (other),0.14929476128282504
SSP5-RCP8.5,44,Pioneering broadleaf,0.5313389468855833
SSP5-RCP8.5,44,Needleleaf evergreen,0.20705586494937936
SSP5-RCP8.5,45,Non-tree V.,0.03787160595149372
SSP5-RCP8.5,45,Temperate broadleaf,0.07356840116263934
SSP5-RCP8.5,45,Conifers (other),0.14775941219903307
SSP5-RCP8.5,45,Pioneering broadleaf,0.533705183296148
SSP5-RCP8.5,45,Needleleaf evergreen,0.20709539739068594
SSP5-RCP8.5,46,Non-tree V.,0.03500960464315851
SSP5-RCP8.5,46,Temperate broadleaf,0.07557242093773707
SSP5-RCP8.5,46,Conifers (other),0.14627470996570113
SSP5-RCP8.5,46,Pioneering broadleaf,0.5360198217159817
SSP5-RCP8.5,46,Needleleaf evergreen,0.20712344273742891
SSP5-RCP8.5,47,Non-tree V.,0.032458293662286614
SSP5-RCP8.5,47,Temperate broadleaf,0.07755306724984186
SSP5-RCP8.5,47,Conifers (other),0.14483377882927914
SSP5-RCP8.5,47,Pioneering broadleaf,0.5380748827661641
SSP5-RCP8.5,47,Needleleaf evergreen,0.20707997749242668
SSP5-RCP8.5,48,Non-tree V.,0.0299622106571364
SSP5-RCP8.5,48,Temperate broadleaf,0.07949799644261683
SSP5-RCP8.5,48,Conifers (other),0.14350850423801428
SSP5-RCP8.5,48,Pioneering broadleaf,0.5400564334598865
SSP5-RCP8.5,48,Needleleaf evergreen,0.2069748552023434
SSP5-RCP8.5,49,Non-tree V.,0.027684295977005342
SSP5-RCP8.5,49,Temperate broadleaf,0.08139502459212299
SSP5-RCP8.5,49,Conifers (other),0.14226119019303698
SSP5-RCP8.5,49,Pioneering broadleaf,0.5418477623215885
SSP5-RCP8.5,49,Needleleaf evergreen,0.20681172691623906
SSP5-RCP8.5,50,Non-tree V.,0.025507824167446964
SSP5-RCP8.5,50,Temperate broadleaf,0.0831573026711366
SSP5-RCP8.5,50,Conifers (other),0.14108178146375344
SSP5-RCP8.5,50,Pioneering broadleaf,0.5435763752589192
SSP5-RCP8.5,50,Needleleaf evergreen,0.20667671643874905
SSP5-RCP8.5,51,Non-tree V.,0.023568752895845382
SSP5-RCP8.5,51,Temperate broadleaf,0.08488820641677532
SSP5-RCP8.5,51,Conifers (other),0.13993026638790673
SSP5-RCP8.5,51,Pioneering broadleaf,0.545265615614094
SSP5-RCP8.5,51,Needleleaf evergreen,0.2063471586853782
SSP5-RCP8.5,52,Non-tree V.,0.021692458895639796
SSP5-RCP8.5,52,Temperate broadleaf,0.0865186364937684
SSP5-RCP8.5,52,Conifers (other),0.138836391976413
SSP5-RCP8.5,52,Pioneering broadleaf,0.5469220619102115
SSP5-RCP8.5,52,Needleleaf evergreen,0.20603045072396392
SSP5-RCP8.5,53,Non-tree V.,0.019988561267518752
SSP5-RCP8.5,53,Temperate broadleaf,0.08814571289066842
SSP5-RCP8.5,53,Conifers (other),0.1377172252237799
SSP5-RCP8.5,53,Pioneering broadleaf,0.5484864336289155
SSP5-RCP8.5,53,Needleleaf evergreen,0.20566206698911868
SSP5-RCP8.5,54,Non-tree V.,0.01841778802708089
SSP5-RCP8.5,54,Temperate broadleaf,0.08968529975677225
SSP5-RCP8.5,54,Conifers (other),0.1367174069563572
SSP5-RCP8.5,54,Pioneering broadleaf,0.5499824054290212
SSP5-RCP8.5,54,Needleleaf evergreen,0.20519709983077294
SSP5-RCP8.5,55,Non-tree V.,0.016953253821239262
SSP5-RCP8.5,55,Temperate broadleaf,0.09121201784881929
SSP5-RCP8.5,55,Conifers (other),0.13569583847244643
SSP5-RCP8.5,55,Pioneering broadleaf,0.5513935591692805
SSP5-RCP8.5,55,Needleleaf evergreen,0.2047453306882172
SSP5-RCP8.5,56,Non-tree V.,0.015563718586691753
SSP5-RCP8.5,56,Temperate broadleaf,0.09270505853987741
SSP5-RCP8.5,56,Conifers (other),0.1346603838663577
SSP5-RCP8.5,56,Pioneering broadleaf,0.552826182624184
SSP5-RCP8.5,56,Needleleaf evergreen,0.20424465638288514
SSP5-RCP8.5,57,Non-tree V.,0.014295063741596177
SSP5-RCP8.5,57,Temperate broadleaf,0.09412302403709877
SSP5-RCP8.5,57,Conifers (other),0.13366405389369004
SSP5-RCP8.5,57,Pioneering broadleaf,0.5541848046834079
SSP5-RCP8.5,57,Needleleaf evergreen,0.20373305364420607
SSP5-RCP8.5,58,Non-tree V.,0.013098287978465264
SSP5-RCP8.5,58,Temperate broadleaf,0.09550167004622553
SSP5-RCP8.5,58,Conifers (other),0.13265927543367492
SSP5-RCP8.5,58,Pioneering broadleaf,0.5555333089372874
SSP5-RCP8.5,58,Needleleaf evergreen,0.2032074576043435
SSP5-RCP8.5,59,Non-tree V.,0.012047323742665744
SSP5-RCP8.5,59,Temperate broadleaf,0.09686938588514188
SSP5-RCP8.5,59,Conifers (other),0.13167561131003278
SSP5-RCP8.5,59,Pioneering broadleaf,0.556822449311041
SSP5-RCP8.5,59,Needleleaf evergreen,0.20258522975111198
SSP5-RCP8.5,60,Non-tree V.,0.011036496002064421
SSP5-RCP8.5,60,Temperate broadleaf,0.09817774352111829
SSP5-RCP8.5,60,Conifers (other),0.1307242510055347
SSP5-RCP8.5,60,Pioneering broadleaf,0.5580988678242533
SSP5-RCP8.5,60,Needleleaf evergreen,0.2019626416470374
SSP5-RCP8.5,61,Non-tree V.,0.010102842689966474
SSP5-RCP8.5,61,Temperate broadleaf,0.09941116640986775
SSP5-RCP8.5,61,Conifers (other),0.1297870417286405
SSP5-RCP8.5,61,Pioneering broadleaf,0.5593795468467413
SSP5-RCP8.5,61,Needleleaf evergreen,0.20131940232477907
SSP5-RCP8.5,62,Non-tree V.,0.009234715330175895
SSP5-RCP8.5,62,Temperate broadleaf,0.10054732894806637
SSP5-RCP8.5,62,Conifers (other),0.12882563918244452
SSP5-RCP8.5,62,Pioneering broadleaf,0.5606376175554204
SSP5-RCP8.5,62,Needleleaf evergreen,0.20075469898388634
SSP5-RCP8.5,63,Non-tree V.,0.008450523043247076
SSP5-RCP8.5,63,Temperate broadleaf,0.10168791856917436
SSP5-RCP8.5,63,Conifers (other),0.12784685839140741
SSP5-RCP8.5,63,Pioneering broadleaf,0.5619090257637557
SSP5-RCP8.5,63,Needleleaf evergreen,0.20010567423240513
SSP5-RCP8.5,64,Non-tree V.,0.007730666092372452
SSP5-RCP8.5,64,Temperate broadleaf,0.10274035832653218
SSP5-RCP8.5,64,Conifers (other),0.12688625866956837
SSP5-RCP8.5,64,Pioneering broadleaf,0.563082921989318
SSP5-RCP8.5,64,Needleleaf evergreen,0.19955979492221637
SSP5-RCP8.5,65,Non-tree V.,0.007036323118315216
SSP5-RCP8.5,65,Temperate broadleaf,0.10375332891421156
SSP5-RCP8.5,65,Conifers (other),0.12596464719626296
SSP5-RCP8.5,65,Pioneering broadleaf,0.5643383336980291
SSP5-RCP8.5,65,Needleleaf evergreen,0.19890736707318654
SSP5-RCP8.5,66,Non-tree V.,0.00642621320434496
SSP5-RCP8.5,66,Temperate broadleaf,0.10470238903347688
SSP5-RCP8.5,66,Conifers (other),0.1250941800902029
SSP5-RCP8.5,66,Pioneering broadleaf,0.5654801666369753
SSP5-RCP8.5,66,Needleleaf evergreen,0.19829705103499798
SSP5-RCP8.5,67,Non-tree V.,0.005854440005632671
SSP5-RCP8.5,67,Temperate broadleaf,0.10565916133622247
SSP5-RCP8.5,67,Conifers (other),0.12426202858190949
SSP5-RCP8.5,67,Pioneering broadleaf,0.566509199949504
SSP5-RCP8.5,67,Needleleaf evergreen,0.1977151701267219
SSP5-RCP8.5,68,Non-tree V.,0.005336456985543299
SSP5-RCP8.5,68,Temperate broadleaf,0.10653508005044744
SSP5-RCP8.5,68,Conifers (other),0.12345200505184444
SSP5-RCP8.5,68,Pioneering broadleaf,0.5676130000306143
SSP5-RCP8.5,68,Needleleaf evergreen,0.19706345788155377
SSP5-RCP8.5,69,Non-tree V.,0.0048732419930864026
SSP5-RCP8.5,69,Temperate broadleaf,0.10736286734269568
SSP5-RCP8.5,69,Conifers (other),0.12267575935946488
SSP5-RCP8.5,69,Pioneering broadleaf,0.5686564040336836
SSP5-RCP8.5,69,Needleleaf evergreen,0.19643172727105998
SSP5-RCP8.5,70,Non-tree V.,0.004424340475089733
SSP5-RCP8.5,70,Temperate broadleaf,0.10817297260643109
SSP5-RCP8.5,70,Conifers (other),0.12188008764329847
SSP5-RCP8.5,70,Pioneering broadleaf,0.5697006482648393
SSP5-RCP8.5,70,Needleleaf evergreen,0.19582195101033134
SSP5-RCP8.5,71,Non-tree V.,0.004026293309800383
SSP5-RCP8.5,71,Temperate broadleaf,0.10893096885605912
SSP5-RCP8.5,71,Conifers (other),0.12108634896679188
SSP5-RCP8.5,71,Pioneering broadleaf,0.5707373658475888
SSP5-RCP8.5,71,Needleleaf evergreen,0.19521902301976632
SSP5-RCP8.5,72,Non-tree V.,0.003683275774534972
SSP5-RCP8.5,72,Temperate broadleaf,0.10966897749582447
SSP5-RCP8.5,72,Conifers (other),0.12032071017952065
SSP5-RCP8.5,72,Pioneering broadleaf,0.57167029820219
SSP5-RCP8.5,72,Needleleaf evergreen,0.19465673834791905
SSP5-RCP8.5,73,Non-tree V.,0.0033598732937481146
SSP5-RCP8.5,73,Temperate broadleaf,0.11042452479009829
SSP5-RCP8.5,73,Conifers (other),0.11956713748121575
SSP5-RCP8.5,73,Pioneering broadleaf,0.5725953868488636
SSP5-RCP8.5,73,Needleleaf evergreen,0.1940530775860779
SSP5-RCP8.5,74,Non-tree V.,0.003088748492831783
SSP5-RCP8.5,74,Temperate broadleaf,0.11106110716677668
SSP5-RCP8.5,74,Conifers (other),0.11884651675011641
SSP5-RCP8.5,74,Pioneering broadleaf,0.5735942704460584
SSP5-RCP8.5,74,Needleleaf evergreen,0.1934093571442121
SSP5-RCP8.5,75,Non-tree V.,0.0028471408068202813
SSP5-RCP8.5,75,Temperate broadleaf,0.11170394716114654
SSP5-RCP8.5,75,Conifers (other),0.11813658883912836
SSP5-RCP8.5,75,Pioneering broadleaf,0.5745700664167454
SSP5-RCP8.5,75,Needleleaf evergreen,0.1927422567761492
SSP5-RCP8.5,76,Non-tree V.,0.002631637315021244
SSP5-RCP8.5,76,Temperate broadleaf,0.11234521578178239
SSP5-RCP8.5,76,Conifers (other),0.1173308835548298
SSP5-RCP8.5,76,Pioneering broadleaf,0.575493538932403
SSP5-RCP8.5,76,Needleleaf evergreen,0.19219872441597158
SSP5-RCP8.5,77,Non-tree V.,0.002436550725687469
SSP5-RCP8.5,77,Temperate broadleaf,0.1129381546485696
SSP5-RCP8.5,77,Conifers (other),0.11658456374927047
SSP5-RCP8.5,77,Pioneering broadleaf,0.5763910090601035
SSP5-RCP8.5,77,Needleleaf evergreen,0.1916497218163616
SSP5-RCP8.5,78,Non-tree V.,0.002262640832650789
SSP5-RCP8.5,78,Temperate broadleaf,0.11348625715086132
SSP5-RCP8.5,78,Conifers (other),0.11584096282219573
SSP5-RCP8.5,78,Pioneering broadleaf,0.5773062790784421
SSP5-RCP8.5,78,Needleleaf evergreen,0.19110386011585212
SSP5-RCP8.5,79,Non-tree V.,0.0021282889597430076
SSP5-RCP8.5,79,Temperate broadleaf,0.11404508101185593
SSP5-RCP8.5,79,Conifers (other),0.11513414204731895
SSP5-RCP8.5,79,Pioneering broadleaf,0.5781176418457495
SSP5-RCP8.5,79,Needleleaf evergreen,0.19057484613532824
SSP5-RCP8.5,80,Non-tree V.,0.0020063352497285162
SSP5-RCP8.5,80,Temperate broadleaf,0.11458995523726026
SSP5-RCP8.5,80,Conifers (other),0.11444103251625203
SSP5-RCP8.5,80,Pioneering broadleaf,0.5788885638585506
SSP5-RCP8.5,80,Needleleaf evergreen,0.1900741131382145
SSP5-RCP8.5,81,Non-tree V.,0.0018962698068890574
SSP5-RCP8.5,81,Temperate broadleaf,0.11508670754969727
SSP5-RCP8.5,81,Conifers (other),0.11376528708818193
SSP5-RCP8.5,81,Pioneering broadleaf,0.5796105977843188
SSP5-RCP8.5,81,Needleleaf evergreen,0.18964113777090216
SSP5-RCP8.5,82,Non-tree V.,0.0018103043642901221
SSP5-RCP8.5,82,Temperate broadleaf,0.11561378481239208
SSP5-RCP8.5,82,Conifers (other),0.11306818228238211
SSP5-RCP8.5,82,Pioneering broadleaf,0.5802757312834235
SSP5-RCP8.5,82,Needleleaf evergreen,0.18923199725750298
SSP5-RCP8.5,83,Non-tree V.,0.0017264514267166793
SSP5-RCP8.5,83,Temperate broadleaf,0.11608534800453763
SSP5-RCP8.5,83,Conifers (other),0.11241158770777893
SSP5-RCP8.5,83,Pioneering broadleaf,0.5809810049302093
SSP5-RCP8.5,83,Needleleaf evergreen,0.18879560793075234
SSP5-RCP8.5,84,Non-tree V.,0.0016597391526956779
SSP5-RCP8.5,84,Temperate broadleaf,0.11656015761957192
SSP5-RCP8.5,84,Conifers (other),0.11178177127762712
SSP5-RCP8.5,84,Pioneering broadleaf,0.5816362925382498
SSP5-RCP8.5,84,Needleleaf evergreen,0.18836203941185145
SSP5-RCP8.5,85,Non-tree V.,0.0016129148708103303
SSP5-RCP8.5,85,Temperate broadleaf,0.11706617274106247
SSP5-RCP8.5,85,Conifers (other),0.11112586533388749
SSP5-RCP8.5,85,Pioneering broadleaf,0.5822478462233893
SSP5-RCP8.5,85,Needleleaf evergreen,0.18794720083084723
SSP5-RCP8.5,86,Non-tree V.,0.0015819688418222087
SSP5-RCP8.5,86,Temperate broadleaf,0.11753233560284691
SSP5-RCP8.5,86,Conifers (other),0.11054829411261724
SSP5-RCP8.5,86,Pioneering broadleaf,0.5828145352173908
SSP5-RCP8.5,86,Needleleaf evergreen,0.1875228662253254
SSP5-RCP8.5,87,Non-tree V.,0.0015636659770073623
SSP5-RCP8.5,87,Temperate broadleaf,0.11797860613038386
SSP5-RCP8.5,87,Conifers (other),0.10994133387002454
SSP5-RCP8.5,87,Pioneering broadleaf,0.5832871336808366
SSP5-RCP8.5,87,Needleleaf evergreen,0.18722926034174212
SSP5-RCP8.5,88,Non-tree V.,0.001565141279137253
SSP5-RCP8.5,88,Temperate broadleaf,0.118453044085326
SSP5-RCP8.5,88,Conifers (other),0.10931883235884152
SSP5-RCP8.5,88,Pioneering broadleaf,0.5837594967817209
SSP5-RCP8.5,88,Needleleaf evergreen,0.18690348549497007
SSP5-RCP8.5,89,Non-tree V.,0.0015790743040837265
SSP5-RCP8.5,89,Temperate broadleaf,0.11895332773133219
SSP5-RCP8.5,89,Conifers (other),0.10864845053204315
SSP5-RCP8.5,89,Pioneering broadleaf,0.5842015249226337
SSP5-RCP8.5,89,Needleleaf evergreen,0.18661762250990993
SSP5-RCP8.5,90,Non-tree V.,0.001615517851662683
SSP5-RCP8.5,90,Temperate broadleaf,0.11943792420944777
SSP5-RCP8.5,90,Conifers (other),0.10806404929822465
SSP5-RCP8.5,90,Pioneering broadleaf,0.5845660049766713
SSP5-RCP8.5,90,Needleleaf evergreen,0.18631650366400235
SSP5-RCP8.5,91,Non-tree V.,0.0016656304564386776
SSP5-RCP8.5,91,Temperate broadleaf,0.11992781906050344
SSP5-RCP8.5,91,Conifers (other),0.10744027547605857
SSP5-RCP8.5,91,Pioneering broadleaf,0.5849328284060734
SSP5-RCP8.5,91,Needleleaf evergreen,0.18603344660093316
SSP5-RCP8.5,92,Non-tree V.,0.0017044552236661552
SSP5-RCP8.5,92,Temperate broadleaf,0.12041128592158168
SSP5-RCP8.5,92,Conifers (other),0.10685618471821116
SSP5-RCP8.5,92,Pioneering broadleaf,0.5851962119074631
SSP5-RCP8.5,92,Needleleaf evergreen,0.1858318622290713
SSP5-RCP8.5,93,Non-tree V.,0.0017492007635005608
SSP5-RCP8.5,93,Temperate broadleaf,0.12093344660595057
SSP5-RCP8.5,93,Conifers (other),0.1062746914832843
SSP5-RCP8.5,93,Pioneering broadleaf,0.5854118842054712
SSP5-RCP8.5,93,Needleleaf evergreen,0.18563077694178656
SSP5-RCP8.5,94,Non-tree V.,0.001798387945871083
SSP5-RCP8.5,94,Temperate broadleaf,0.1214376746040781
SSP5-RCP8.5,94,Conifers (other),0.10570765506027842
SSP5-RCP8.5,94,Pioneering broadleaf,0.5856844589511143
SSP5-RCP8.5,94,Needleleaf evergreen,0.1853718234386589
SSP5-RCP8.5,95,Non-tree V.,0.001847855382245706
SSP5-RCP8.5,95,Temperate broadleaf,0.12194536667423377
SSP5-RCP8.5,95,Conifers (other),0.10514909055164552
SSP5-RCP8.5,95,Pioneering broadleaf,0.5858994237157417
SSP5-RCP8.5,95,Needleleaf evergreen,0.18515826367614174
SSP5-RCP8.5,96,Non-tree V.,0.0018943280316504742
SSP5-RCP8.5,96,Temperate broadleaf,0.12247778907386031
SSP5-RCP8.5,96,Conifers (other),0.10460049629297165
SSP5-RCP8.5,96,Pioneering broadleaf,0.5860236809116204
SSP5-RCP8.5,96,Needleleaf evergreen,0.1850037056899017
SSP5-RCP8.5,97,Non-tree V.,0.0019430582693769213
SSP5-RCP8.5,97,Temperate broadleaf,0.12303907108035145
SSP5-RCP8.5,97,Conifers (other),0.10408679999706091
SSP5-RCP8.5,97,Pioneering broadleaf,0.5860888435698506
SSP5-RCP8.5,97,Needleleaf evergreen,0.1848422270833565
SSP5-RCP8.5,98,Non-tree V.,0.001986702250991885
SSP5-RCP8.5,98,Temperate broadleaf,0.12364034728708054
SSP5-RCP8.5,98,Conifers (other),0.10363743959261704
SSP5-RCP8.5,98,Pioneering broadleaf,0.5861325527837415
SSP5-RCP8.5,98,Needleleaf evergreen,0.18460295808556373
SSP5-RCP8.5,99,Non-tree V.,0.002026082884278102
SSP5-RCP8.5,99,Temperate broadleaf,0.1242073790097241
SSP5-RCP8.5,99,Conifers (other),0.10314404941804257
SSP5-RCP8.5,99,Pioneering broadleaf,0.586143107225596
SSP5-RCP8.5,99,Needleleaf evergreen,0.18447938146236786
SSP5-RCP8.5,100,Non-tree V.,0.0020673568603121555
SSP5-RCP8.5,100,Temperate broadleaf,0.12477600809145464
SSP5-RCP8.5,100,Conifers (other),0.10265167347627728
SSP5-RCP8.5,100,Pioneering broadleaf,0.5860946741856817
SSP5-RCP8.5,100,Needleleaf evergreen,0.18441028738627815
SSP5-RCP8.5,101,Non-tree V.,0.0021050712049990113
SSP5-RCP8.5,101,Temperate broadleaf,0.12516350083450892
SSP5-RCP8.5,101,Conifers (other),0.10296032091493307
SSP5-RCP8.5,101,Pioneering broadleaf,0.5846757042601681
SSP5-RCP8.5,101,Needleleaf evergreen,0.18509540278539463
SSP5-RCP8.5,102,Non-tree V.,0.002135086010426559
SSP5-RCP8.5,102,Temperate broadleaf,0.12416805119375995
SSP5-RCP8.5,102,Conifers (other),0.1026112447018841
SSP5-RCP8.5,102,Pioneering broadleaf,0.5852575301769666
SSP5-RCP8.5,102,Needleleaf evergreen,0.1858280879169675
SSP5-RCP8.5,103,Non-tree V.,0.0021883338313527277
SSP5-RCP8.5,103,Temperate broadleaf,0.1235019677004491
SSP5-RCP8.5,103,Conifers (other),0.10217398761714411
SSP5-RCP8.5,103,Pioneering broadleaf,0.5860353802006127
SSP5-RCP8.5,103,Needleleaf evergreen,0.18610033065043527
SSP5-RCP8.5,104,Non-tree V.,0.0022217896629779504
SSP5-RCP8.5,104,Temperate broadleaf,0.12326905976372023
SSP5-RCP8.5,104,Conifers (other),0.10165312530668774
SSP5-RCP8.5,104,Pioneering broadleaf,0.5876766117054585
SSP5-RCP8.5,104,Needleleaf evergreen,0.18517941356115628
SSP5-RCP8.5,105,Non-tree V.,0.002238191969024722
SSP5-RCP8.5,105,Temperate broadleaf,0.1224563824788143
SSP5-RCP8.5,105,Conifers (other),0.1018331867055611
SSP5-RCP8.5,105,Pioneering broadleaf,0.5885226906629369
SSP5-RCP8.5,105,Needleleaf evergreen,0.18494954818366485
SSP5-RCP8.5,106,Non-tree V.,0.002267296528464412
SSP5-RCP8.5,106,Temperate broadleaf,0.1219969378917546
SSP5-RCP8.5,106,Conifers (other),0.101286192103397
SSP5-RCP8.5,106,Pioneering broadleaf,0.5915303947974411
SSP5-RCP8.5,106,Needleleaf evergreen,0.18291917867893637
SSP5-RCP8.5,107,Non-tree V.,0.0022809843689039484
SSP5-RCP8.5,107,Temperate broadleaf,0.12204269431912157
SSP5-RCP8.5,107,Conifers (other),0.10154683040187737
SSP5-RCP8.5,107,Pioneering broadleaf,0.5903303510316302
SSP5-RCP8.5,107,Needleleaf evergreen,0.18379913987846314
SSP5-RCP8.5,108,Non-tree V.,0.0022924379748431446
SSP5-RCP8.5,108,Temperate broadleaf,0.12143261411822033
SSP5-RCP8.5,108,Conifers (other),0.1019001313010508
SSP5-RCP8.5,108,Pioneering broadleaf,0.5905203694530483
SSP5-RCP8.5,108,Needleleaf evergreen,0.18385444715283644
SSP5-RCP8.5,109,Non-tree V.,0.0023104971042328098
SSP5-RCP8.5,109,Temperate broadleaf,0.119610618242593
SSP5-RCP8.5,109,Conifers (other),0.10100339609488047
SSP5-RCP8.5,109,Pioneering broadleaf,0.592741952437406
SSP5-RCP8.5,109,Needleleaf evergreen,0.18433353612089365
SSP5-RCP8.5,110,Non-tree V.,0.0022995481616791607
SSP5-RCP8.5,110,Temperate broadleaf,0.11857406673161093
SSP5-RCP8.5,110,Conifers (other),0.10223113627700253
SSP5-RCP8.5,110,Pioneering broadleaf,0.5901538520415385
SSP5-RCP8.5,110,Needleleaf evergreen,0.18674139678816684
SSP5-RCP8.5,111,Non-tree V.,0.0023139364391639035
SSP5-RCP8.5,111,Temperate broadleaf,0.11939488832338428
SSP5-RCP8.5,111,Conifers (other),0.10251890065907869
SSP5-RCP8.5,111,Pioneering broadleaf,0.5884913021416218
SSP5-RCP8.5,111,Needleleaf evergreen,0.1872809724367495
SSP5-RCP8.5,112,Non-tree V.,0.002316107541942271
SSP5-RCP8.5,112,Temperate broadleaf,0.11969270426425618
SSP5-RCP8.5,112,Conifers (other),0.10253131884406849
SSP5-RCP8.5,112,Pioneering broadleaf,0.5873917823967121
SSP5-RCP8.5,112,Needleleaf evergreen,0.1880680869530228
SSP5-RCP8.5,113,Non-tree V.,0.0023106977340306943
SSP5-RCP8.5,113,Temperate broadleaf,0.11749145645866906
SSP5-RCP8.5,113,Conifers (other),0.10302522912949504
SSP5-RCP8.5,113,Pioneering broadleaf,0.5881648643721021
SSP5-RCP8.5,113,Needleleaf evergreen,0.18900775230570474
SSP5-RCP8.5,114,Non-tree V.,0.0023059348882517134
SSP5-RCP8.5,114,Temperate broadleaf,0.11721917147006482
SSP5-RCP8.5,114,Conifers (other),0.10281875073506917
SSP5-RCP8.5,114,Pioneering broadleaf,0.5882755120171209
SSP5-RCP8.5,114,Needleleaf evergreen,0.1893806308894941
SSP5-RCP8.5,115,Non-tree V.,0.002294870922906188
SSP5-RCP8.5,115,Temperate broadleaf,0.1139807238141734
SSP5-RCP8.5,115,Conifers (other),0.10384068862665355
SSP5-RCP8.5,115,Pioneering broadleaf,0.5861919153635935
SSP5-RCP8.5,115,Needleleaf evergreen,0.1936918012726741
SSP5-RCP8.5,116,Non-tree V.,0.002262939606341066
SSP5-RCP8.5,116,Temperate broadleaf,0.11017546904221104
SSP5-RCP8.5,116,Conifers (other),0.10463983049628707
SSP5-RCP8.5,116,Pioneering broadleaf,0.5874574974718687
SSP5-RCP8.5,116,Needleleaf evergreen,0.19546426338329073
SSP5-RCP8.5,117,Non-tree V.,0.002237846050695051
SSP5-RCP8.5,117,Temperate broadleaf,0.10904433236030753
SSP5-RCP8.5,117,Conifers (other),0.10608454202650186
SSP5-RCP8.5,117,Pioneering broadleaf,0.5848237563891537
SSP5-RCP8.5,117,Needleleaf evergreen,0.19780952317334125
SSP5-RCP8.5,118,Non-tree V.,0.002188655221829404
SSP5-RCP8.5,118,Temperate broadleaf,0.10884378045657266
SSP5-RCP8.5,118,Conifers (other),0.10624250830199361
SSP5-RCP8.5,118,Pioneering broadleaf,0.5807128379610429
SSP5-RCP8.5,118,Needleleaf evergreen,0.2020122180585595
SSP5-RCP8.5,119,Non-tree V.,0.0021598051788620162
SSP5-RCP8.5,119,Temperate broadleaf,0.10437115300254236
SSP5-RCP8.5,119,Conifers (other),0.10573928775733774
SSP5-RCP8.5,119,Pioneering broadleaf,0.5828396000799999
SSP5-RCP8.5,119,Needleleaf evergreen,0.2048901539812572
SSP5-RCP8.5,120,Non-tree V.,0.002228415918077864
SSP5-RCP8.5,120,Temperate broadleaf,0.09929152937846751
SSP5-RCP8.5,120,Conifers (other),0.10447391507842693
SSP5-RCP8.5,120,Pioneering broadleaf,0.5860242466661272
SSP5-RCP8.5,120,Needleleaf evergreen,0.20798189295890043
SSP5-RCP8.5,121,Non-tree V.,0.0023091438269760866
SSP5-RCP8.5,121,Temperate broadleaf,0.09587972700108655
SSP5-RCP8.5,121,Conifers (other),0.10102496512907844
SSP5-RCP8.5,121,Pioneering broadleaf,0.6017448390997868
SSP5-RCP8.5,121,Needleleaf evergreen,0.19904132494307097
SSP5-RCP8.5,122,Non-tree V.,0.002253782259759557
SSP5-RCP8.5,122,Temperate broadleaf,0.09518174031483882
SSP5-RCP8.5,122,Conifers (other),0.10279640051549727
SSP5-RCP8.5,122,Pioneering broadleaf,0.5980209855594314
SSP5-RCP8.5,122,Needleleaf evergreen,0.20174709135047347
SSP5-RCP8.5,123,Non-tree V.,0.0021942574108628115
SSP5-RCP8.5,123,Temperate broadleaf,0.09341396928810239
SSP5-RCP8.5,123,Conifers (other),0.10478875481508142
SSP5-RCP8.5,123,Pioneering broadleaf,0.5941011089880593
SSP5-RCP8.5,123,Needleleaf evergreen,0.20550190949789485
SSP5-RCP8.5,124,Non-tree V.,0.002100682808033133
SSP5-RCP8.5,124,Temperate broadleaf,0.10091064867745098
SSP5-RCP8.5,124,Conifers (other),0.100779707925695
SSP5-RCP8.5,124,Pioneering broadleaf,0.5837195413200442
SSP5-RCP8.5,124,Needleleaf evergreen,0.2124894192687765
SSP5-RCP8.5,125,Non-tree V.,0.0019517263922715666
SSP5-RCP8.5,125,Temperate broadleaf,0.0898276973563703
SSP5-RCP8.5,125,Conifers (other),0.1013407251296044
SSP5-RCP8.5,125,Pioneering broadleaf,0.5718925514265638
SSP5-RCP8.5,125,Needleleaf evergreen,0.2349872996951899
